FIELD,corr85,r,type
DV_IS_OPEN,NA,NA,KEEP
DV_IS_WIN,NA,NA,KEEP
NEW_CONTACT_FLG,NA,NA,KEEP
DAYS_DIFF,NA,NA,KEEP
JOB_LVL_CD,NA,NA,KEEP
NEW_CLIENT_FLG,NA,NA,KEEP
P_SCORE,NA,NA,KEEP
IND_STRENGTH_NUM,NA,NA,KEEP
MCCT_OTH_COMP_CNT_1YR,NA,NA,KEEP
UT10_OFFER_10G00_COMP_CNT_60DAYS,NA,NA,KEEP
UT15_OFFER_15MSC_COMP_CNT_1YR,NA,NA,KEEP
UT20_OFFER_20C07_COMP_CNT_1YR,NA,NA,KEEP
UT30_OFFER_30A5C_COMP_CNT_1YR,NA,NA,KEEP
UT30_OFFER_30AG3_COMP_CNT_60DAYS,NA,NA,KEEP
UT30_OFFER_30AXK_COMP_CNT_1YR,NA,NA,KEEP
UT30_OFFER_30BQJ_COMP_CNT_1YR,NA,NA,KEEP
UT30_OFFER_30BQX_COMP_CNT_1YR,NA,NA,KEEP
CNTTYP_TY016_COMP_CNT_1YR,NA,NA,KEEP
UT15_OFFER_15SCT_COMP_CNT_60DAYS,NA,NA,KEEP
UT20_OFFER_20A0M_COMP_CNT_60DAYS,UT30_OFFER_30AG3_COMP_CNT_60DAYS,0.9868741705226312,DROP
UT20_OFFER_20D0C_COMP_CNT_60DAYS,NA,NA,KEEP
UT30_OFFER_30DEZ_COMP_CNT_60DAYS,UT20_OFFER_20D0C_COMP_CNT_60DAYS,0.9872286402170853,DROP
CNTTYP_TY708_COMP_CNT_1YR,NA,NA,KEEP
MITC_OTH_COMP_CNT_1YR,MCCT_OTH_COMP_CNT_1YR,0.9737178037830396,DROP
UT15_OFFER_15CPT_COMP_CNT_1YR,NA,NA,KEEP
UT20_OFFER_20A0X_COMP_CNT_1YR,NA,NA,KEEP
UT15_OFFER_15ITT_COMP_CNT_60DAYS,NA,NA,KEEP
UT20_OFFER_20A0N_COMP_CNT_1YR,NA,NA,KEEP
UT20_OFFER_20APO_COMP_CNT_1YR,UT30_OFFER_30AXK_COMP_CNT_1YR,0.8563961171053646,DROP
UT20_OFFER_20B14_COMP_CNT_1YR,NA,NA,KEEP
UT20_OFFER_20B15_COMP_CNT_1YR,NA,NA,KEEP
UT15_OFFER_15JHO_COMP_CNT_1YR,NA,NA,KEEP
UT30_OFFER_30BHY_COMP_CNT_1YR,NA,NA,KEEP
UT30_OFFER_30BQY_COMP_CNT_1YR,NA,NA,KEEP
CNTTYP_TY012_COMP_CNT_1YR,NA,NA,KEEP
UT20_OFFER_20COP_COMP_CNT_1YR,NA,NA,KEEP
CNTTYP_TY730_COMP_CNT_60DAYS,NA,NA,KEEP
UT20_OFFER_20B2P_COMP_CNT_1YR,UT30_OFFER_30BQY_COMP_CNT_1YR,0.9411173213750764,DROP
UT20_OFFER_20B1A_COMP_CNT_1YR,NA,NA,KEEP
UT15_OFFER_15IGO_COMP_CNT_60DAYS,NA,NA,KEEP
MITC_REGD_COMP_CNT_1YR,NA,NA,KEEP
UT10_OFFER_10C00_COMP_CNT_60DAYS,CNTTYP_TY730_COMP_CNT_60DAYS,0.8579254477033188,DROP
UT10_OFFER_10M00_COMP_CNT_1YR,NA,NA,KEEP
UT30_OFFER_30AGB_COMP_CNT_1YR,NA,NA,KEEP
CNTTYP_TY006_COMP_CNT_1YR,NA,NA,KEEP
UT15_OFFER_15MHW_COMP_CNT_1YR,UT20_OFFER_20C07_COMP_CNT_1YR,0.9316925032192883,DROP
MITC_PREC_COMP_CNT_60DAYS,NA,NA,KEEP
CNTTYP_TY013_COMP_CNT_60DAYS,NA,NA,KEEP
CNTTYP_TY729_COMP_CNT_1YR,NA,NA,KEEP
UT15_OFFER_15WTH_COMP_CNT_1YR,NA,NA,KEEP
UT20_OFFER_20A0O_COMP_CNT_1YR,UT30_OFFER_30AGB_COMP_CNT_1YR,0.9665533155151752,DROP
UT15_OFFER_153QH_COMP_CNT_60DAYS,NA,NA,KEEP
UT20_OFFER_20B2O_COMP_CNT_1YR,UT30_OFFER_30BQJ_COMP_CNT_1YR,0.9032948588311221,DROP
BJ_DSC_COMP_CNT_1YR,NA,NA,KEEP
MITC_ATND_COMP_CNT_60DAYS,NA,NA,KEEP
UT20_OFFER_20A0W_COMP_CNT_1YR,NA,NA,KEEP
UT20_OFFER_20NYE_COMP_CNT_1YR,UT30_OFFER_30BHY_COMP_CNT_1YR,0.9322149477620681,DROP
UT20_OFFER_20A0Y_COMP_CNT_1YR,NA,NA,KEEP
UT20_OFFER_20C0H_COMP_CNT_1YR,NA,NA,KEEP
CNTTYP_TY104_COMP_CNT_1YR,NA,NA,KEEP
UT15_OFFER_15ANP_COMP_CNT_60DAYS,NA,NA,KEEP
UT30_OFFER_30AYO_COMP_CNT_1YR,NA,NA,KEEP
UT15_OFFER_15ISS_COMP_CNT_1YR,NA,NA,KEEP
UT20_OFFER_20A11_COMP_CNT_1YR,NA,NA,KEEP
UT30_OFFER_30AHU_COMP_CNT_1YR,UT20_OFFER_20A11_COMP_CNT_1YR,0.9997906725808797,DROP
BJ_TRY_COMP_CNT_60DAYS,CNTTYP_TY013_COMP_CNT_60DAYS,0.8532880689992557,DROP
UT15_OFFER_15PHW_COMP_CNT_1YR,UT20_OFFER_20C0H_COMP_CNT_1YR,0.956875174330771,DROP
MCCT_LP_COMP_CNT_60DAYS,CNTTYP_TY013_COMP_CNT_60DAYS,0.9348868247409241,DROP
MITC_WEBR_COMP_CNT_60DAYS,CNTTYP_TY013_COMP_CNT_60DAYS,0.9348994640258984,DROP
UT10_OFFER_10J00_COMP_CNT_1YR,UT15_OFFER_15CPT_COMP_CNT_1YR,0.863672014648454,DROP
BJ_BUY_COMP_CNT_1YR,NA,NA,KEEP
MCCT_VIRT_COMP_CNT_60DAYS,MITC_PREC_COMP_CNT_60DAYS,0.8973827590906851,DROP
UT20_OFFER_20A0K_COMP_CNT_1YR,UT30_OFFER_30AYO_COMP_CNT_1YR,0.9574219122677273,DROP
UT15_OFFER_15STS_COMP_CNT_1YR,NA,NA,KEEP
UT15_OFFER_15STT_COMP_CNT_1YR,NA,NA,KEEP
MCCT_F2F_COMP_CNT_1YR,NA,NA,KEEP
MCCT_HYBR_COMP_CNT_1YR,UT15_OFFER_15JHO_COMP_CNT_1YR,0.8867352055026222,DROP
CNTTYP_TY008_COMP_CNT_60DAYS,NA,NA,KEEP
UT10_OFFER_10G00_COMP_CNT_1YR,UT15_OFFER_15ISS_COMP_CNT_1YR,0.9714344569936402,DROP
MCCT_EML_COMP_CNT_1YR,NA,NA,KEEP
MITC_EMSG_COMP_CNT_1YR,MCCT_EML_COMP_CNT_1YR,1,DROP
UT30_OFFER_30DEZ_COMP_CNT_1YR,NA,NA,KEEP
MCCN_EVNT_COMP_CNT_60DAYS,MCCT_VIRT_COMP_CNT_60DAYS,0.9105684592468899,DROP
UT20_OFFER_20D0C_COMP_CNT_1YR,UT30_OFFER_30DEZ_COMP_CNT_1YR,0.9948867856665269,DROP
UT15_OFFER_15SCT_COMP_CNT_1YR,UT20_OFFER_20NYE_COMP_CNT_1YR,0.9198458116158695,DROP
BJ_LRN_COMP_CNT_60DAYS,CNTTYP_TY008_COMP_CNT_60DAYS,0.957906536051972,DROP
UT15_OFFER_15ITT_COMP_CNT_1YR,UT20_OFFER_20B2O_COMP_CNT_1YR,0.8905006007288879,DROP
MCCT_CS_COMP_CNT_60DAYS,BJ_LRN_COMP_CNT_60DAYS,0.9504843496231056,DROP
MITC_CS_COMP_CNT_60DAYS,BJ_LRN_COMP_CNT_60DAYS,0.9504574705984344,DROP
UT30_OFFER_30AG3_COMP_CNT_1YR,NA,NA,KEEP
UT20_OFFER_20A0M_COMP_CNT_1YR,UT30_OFFER_30AG3_COMP_CNT_1YR,0.9964516017238981,DROP
CNTTYP_TY730_COMP_CNT_1YR,BJ_BUY_COMP_CNT_1YR,0.8527139497969329,DROP
MCCN_DIGINB_COMP_CNT_60DAYS,BJ_LRN_COMP_CNT_60DAYS,0.9278424990009844,DROP
UT10_OFFER_10C00_COMP_CNT_1YR,CNTTYP_TY730_COMP_CNT_1YR,0.8939887446145532,DROP
UT15_OFFER_15IGO_COMP_CNT_1YR,NA,NA,KEEP
UT10_OFFER_10A00_COMP_CNT_60DAYS,MCCN_DIGINB_COMP_CNT_60DAYS,0.8940531777371107,DROP
MITC_PREC_COMP_CNT_1YR,NA,NA,KEEP
UT15_OFFER_153QH_COMP_CNT_1YR,NA,NA,KEEP
MITC_ATND_COMP_CNT_1YR,NA,NA,KEEP
CNTTYP_TY013_COMP_CNT_1YR,CNTTYP_TY013_COMP_CNT_60DAYS,0.886874758116378,DROP
BJ_TRY_COMP_CNT_1YR,BJ_TRY_COMP_CNT_60DAYS,0.8951438707609624,DROP
MCCT_VIRT_COMP_CNT_1YR,MITC_PREC_COMP_CNT_1YR,0.9365023161376806,DROP
UT15_OFFER_15ANP_COMP_CNT_1YR,NA,NA,KEEP
CNTTYP_TY008_COMP_CNT_1YR,BJ_LRN_COMP_CNT_60DAYS,0.8938757105970179,DROP
MCCT_LP_COMP_CNT_1YR,BJ_TRY_COMP_CNT_1YR,0.8926684514134332,DROP
MITC_WEBR_COMP_CNT_1YR,BJ_TRY_COMP_CNT_1YR,0.892962514304734,DROP
MCCN_EVNT_COMP_CNT_1YR,MCCT_VIRT_COMP_CNT_1YR,0.93867682610899,DROP
BJ_LRN_COMP_CNT_1YR,BJ_DSC_COMP_CNT_1YR,0.8503180028096489,DROP
AVG_RESP_DAYS_COMP,NA,NA,KEEP
MCCT_CS_COMP_CNT_1YR,BJ_LRN_COMP_CNT_1YR,0.9564953370267891,DROP
MITC_CS_COMP_CNT_1YR,BJ_LRN_COMP_CNT_1YR,0.9571612829641202,DROP
MED_RESP_DAYS_COMP,AVG_RESP_DAYS_COMP,0.9752692783193457,DROP
MCCN_DIGINB_COMP_CNT_1YR,BJ_LRN_COMP_CNT_1YR,0.9187314624046041,DROP
UT10_OFFER_10A00_COMP_CNT_1YR,BJ_TRY_COMP_CNT_1YR,0.889927922149237,DROP
BJ_ADV_COMP_CNT_60DAYS_FLG,NA,NA,KEEP
CNTTYP_TY001_COMP_CNT_60DAYS_FLG,BJ_ADV_COMP_CNT_60DAYS_FLG,0.9381728166491522,DROP
CNTTYP_TY002_COMP_CNT_60DAYS_FLG,BJ_ADV_COMP_CNT_60DAYS_FLG,0.9335004943619114,DROP
CNTTYP_TY009_COMP_CNT_60DAYS_FLG,BJ_ADV_COMP_CNT_60DAYS_FLG,0.9459387597925395,DROP
CNTTYP_TY010_COMP_CNT_60DAYS_FLG,BJ_ADV_COMP_CNT_60DAYS_FLG,0.93147697569977,DROP
CNTTYP_TY014_COMP_CNT_60DAYS_FLG,BJ_ADV_COMP_CNT_60DAYS_FLG,0.9486858421865079,DROP
CNTTYP_TY503_COMP_CNT_1YR_FLG,BJ_ADV_COMP_CNT_60DAYS_FLG,0.9453958474708326,DROP
SUBPLN_UMX_COMP_CNT_1YR_FLG,AVG_RESP_DAYS_COMP,0.8536327108616533,DROP
UT15_OFFER_15CLS_COMP_CNT_60DAYS_FLG,BJ_ADV_COMP_CNT_60DAYS_FLG,0.9458663014774648,DROP
UT20_OFFER_20B0U_COMP_CNT_1YR_FLG,BJ_ADV_COMP_CNT_60DAYS_FLG,0.9361521017261473,DROP
UT20_OFFER_20B1I_COMP_CNT_60DAYS_FLG,BJ_ADV_COMP_CNT_60DAYS_FLG,0.9345010603537866,DROP
UT20_OFFER_20B1K_COMP_CNT_60DAYS_FLG,BJ_ADV_COMP_CNT_60DAYS_FLG,0.9331119618489104,DROP
UT20_OFFER_20B2M_COMP_CNT_1YR_FLG,BJ_ADV_COMP_CNT_60DAYS_FLG,0.9273033035656477,DROP
UT20_OFFER_20G7C_COMP_CNT_60DAYS_FLG,BJ_ADV_COMP_CNT_60DAYS_FLG,0.926141023939688,DROP
UT20_OFFER_20GTM_COMP_CNT_60DAYS_FLG,BJ_ADV_COMP_CNT_60DAYS_FLG,0.9307524283191988,DROP
UT20_OFFER_20MN2_COMP_CNT_1YR_FLG,AVG_RESP_DAYS_COMP,0.8525403225455075,DROP
UT30_OFFER_30A1D_COMP_CNT_60DAYS_FLG,BJ_ADV_COMP_CNT_60DAYS_FLG,0.9318853830188212,DROP
UT30_OFFER_30A8X_COMP_CNT_60DAYS_FLG,BJ_ADV_COMP_CNT_60DAYS_FLG,0.9478844162714716,DROP
UT30_OFFER_30A9B_COMP_CNT_60DAYS_FLG,BJ_ADV_COMP_CNT_60DAYS_FLG,0.9352112723429258,DROP
UT30_OFFER_30AE5_COMP_CNT_60DAYS_FLG,BJ_ADV_COMP_CNT_60DAYS_FLG,0.9470716180004742,DROP
UT30_OFFER_30AFV_COMP_CNT_60DAYS_FLG,BJ_ADV_COMP_CNT_60DAYS_FLG,0.9217008077397353,DROP
UT30_OFFER_30AFW_COMP_CNT_60DAYS_FLG,BJ_ADV_COMP_CNT_60DAYS_FLG,0.9483954406852529,DROP
UT30_OFFER_30AG4_COMP_CNT_1YR_FLG,BJ_ADV_COMP_CNT_60DAYS_FLG,0.9331238883996773,DROP
UT30_OFFER_30AG8_COMP_CNT_60DAYS_FLG,BJ_ADV_COMP_CNT_60DAYS_FLG,0.939849490526947,DROP
UT30_OFFER_30AGF_COMP_CNT_60DAYS_FLG,BJ_ADV_COMP_CNT_60DAYS_FLG,0.9313119249841925,DROP
UT30_OFFER_30AHF_COMP_CNT_60DAYS_FLG,BJ_ADV_COMP_CNT_60DAYS_FLG,0.9316485638672809,DROP
UT30_OFFER_30AHI_COMP_CNT_60DAYS_FLG,BJ_ADV_COMP_CNT_60DAYS_FLG,0.9329317696748617,DROP
UT30_OFFER_30AYS_COMP_CNT_60DAYS_FLG,BJ_ADV_COMP_CNT_60DAYS_FLG,0.9398486587660508,DROP
UT30_OFFER_30BH6_COMP_CNT_60DAYS_FLG,BJ_ADV_COMP_CNT_60DAYS_FLG,0.9415230304342237,DROP
UT30_OFFER_30BHZ_COMP_CNT_1YR_FLG,BJ_ADV_COMP_CNT_60DAYS_FLG,0.9256613253216462,DROP
UT30_OFFER_30BI1_COMP_CNT_60DAYS_FLG,BJ_ADV_COMP_CNT_60DAYS_FLG,0.9311063007691521,DROP
UT30_OFFER_30BIH_COMP_CNT_60DAYS_FLG,BJ_ADV_COMP_CNT_60DAYS_FLG,0.9432519179289975,DROP
UT30_OFFER_30BJ0_COMP_CNT_60DAYS_FLG,BJ_ADV_COMP_CNT_60DAYS_FLG,0.9568227238206338,DROP
UT30_OFFER_30BQQ_COMP_CNT_1YR_FLG,BJ_ADV_COMP_CNT_60DAYS_FLG,0.9273033035656477,DROP
UT30_OFFER_30C7H_COMP_CNT_60DAYS_FLG,BJ_ADV_COMP_CNT_60DAYS_FLG,0.9347438431622742,DROP
UT30_OFFER_30DFC_COMP_CNT_60DAYS_FLG,BJ_ADV_COMP_CNT_60DAYS_FLG,0.9437935723279466,DROP
CNTTYP_TY005_COMP_CNT_60DAYS_FLG,BJ_ADV_COMP_CNT_60DAYS_FLG,0.9201063970655796,DROP
CNTTYP_TY016_COMP_CNT_60DAYS_FLG,BJ_ADV_COMP_CNT_60DAYS_FLG,0.9179008211511562,DROP
MCCN_OTH_COMP_CNT_1YR_FLG,BJ_ADV_COMP_CNT_60DAYS_FLG,0.9361659165550122,DROP
UT15_OFFER_156UX_COMP_CNT_60DAYS_FLG,BJ_ADV_COMP_CNT_60DAYS_FLG,0.9132975002609874,DROP
UT15_OFFER_15CAI_COMP_CNT_60DAYS_FLG,BJ_ADV_COMP_CNT_60DAYS_FLG,0.9222691389524249,DROP
UT15_OFFER_15EDG_COMP_CNT_60DAYS_FLG,BJ_ADV_COMP_CNT_60DAYS_FLG,0.9180250174544042,DROP
UT15_OFFER_15MSC_COMP_CNT_60DAYS_FLG,BJ_ADV_COMP_CNT_60DAYS_FLG,0.9280882541111275,DROP
UT15_OFFER_15TMS_COMP_CNT_1YR_FLG,BJ_ADV_COMP_CNT_60DAYS_FLG,0.9157894291727318,DROP
UT15_OFFER_15WCG_COMP_CNT_60DAYS_FLG,BJ_ADV_COMP_CNT_60DAYS_FLG,0.9513610040127216,DROP
UT20_OFFER_20A0N_COMP_CNT_60DAYS_FLG,BJ_ADV_COMP_CNT_60DAYS_FLG,0.9086462664523429,DROP
UT20_OFFER_20AJ5_COMP_CNT_60DAYS_FLG,BJ_ADV_COMP_CNT_60DAYS_FLG,0.9156770488373444,DROP
UT20_OFFER_20B01_COMP_CNT_1YR_FLG,BJ_ADV_COMP_CNT_60DAYS_FLG,0.918179971442462,DROP
UT20_OFFER_20B12_COMP_CNT_1YR_FLG,BJ_ADV_COMP_CNT_60DAYS_FLG,0.9116971396051681,DROP
UT20_OFFER_20B18_COMP_CNT_60DAYS_FLG,BJ_ADV_COMP_CNT_60DAYS_FLG,0.9140747611704728,DROP
UT20_OFFER_20B1J_COMP_CNT_60DAYS_FLG,BJ_ADV_COMP_CNT_60DAYS_FLG,0.9221605339574008,DROP
UT20_OFFER_20B1T_COMP_CNT_60DAYS_FLG,BJ_ADV_COMP_CNT_60DAYS_FLG,0.9256126528930803,DROP
UT20_OFFER_20COE_COMP_CNT_60DAYS_FLG,BJ_ADV_COMP_CNT_60DAYS_FLG,0.9216717807149691,DROP
UT20_OFFER_20CSN_COMP_CNT_1YR_FLG,BJ_ADV_COMP_CNT_60DAYS_FLG,0.8964027544130444,DROP
UT20_OFFER_20D0D_COMP_CNT_60DAYS_FLG,BJ_ADV_COMP_CNT_60DAYS_FLG,0.9180209033534332,DROP
UT20_OFFER_20D0F_COMP_CNT_60DAYS_FLG,BJ_ADV_COMP_CNT_60DAYS_FLG,0.9167621087074529,DROP
UT20_OFFER_20M1U_COMP_CNT_1YR_FLG,BJ_ADV_COMP_CNT_60DAYS_FLG,0.9126264308534495,DROP
UT30_OFFER_30A47_COMP_CNT_60DAYS_FLG,BJ_ADV_COMP_CNT_60DAYS_FLG,0.9246912375152677,DROP
UT30_OFFER_30A4I_COMP_CNT_60DAYS_FLG,BJ_ADV_COMP_CNT_60DAYS_FLG,0.9198880820441352,DROP
UT30_OFFER_30A8K_COMP_CNT_60DAYS_FLG,BJ_ADV_COMP_CNT_60DAYS_FLG,0.921598829481776,DROP
UT30_OFFER_30BE0_COMP_CNT_1YR_FLG,BJ_ADV_COMP_CNT_60DAYS_FLG,0.9183137034570042,DROP
UT30_OFFER_30BIB_COMP_CNT_1YR_FLG,BJ_ADV_COMP_CNT_60DAYS_FLG,0.9160360753994454,DROP
UT30_OFFER_30BKG_COMP_CNT_60DAYS_FLG,BJ_ADV_COMP_CNT_60DAYS_FLG,0.9237863730928227,DROP
UT30_OFFER_30BQX_COMP_CNT_60DAYS_FLG,BJ_ADV_COMP_CNT_60DAYS_FLG,0.9320822703065686,DROP
UT30_OFFER_30BRS_COMP_CNT_60DAYS_FLG,BJ_ADV_COMP_CNT_60DAYS_FLG,0.9313205219893934,DROP
UT30_OFFER_30CFW_COMP_CNT_1YR_FLG,BJ_ADV_COMP_CNT_60DAYS_FLG,0.9255515728088571,DROP
UT30_OFFER_30D8Z_COMP_CNT_60DAYS_FLG,BJ_ADV_COMP_CNT_60DAYS_FLG,0.9230306054176123,DROP
UT30_OFFER_30MDR_COMP_CNT_1YR_FLG,BJ_ADV_COMP_CNT_60DAYS_FLG,0.9126264308534495,DROP
BJ_ADPT_COMP_CNT_1YR_FLG,BJ_ADV_COMP_CNT_60DAYS_FLG,0.908284132914359,DROP
CNTTYP_TY014_COMP_CNT_1YR_FLG,BJ_ADPT_COMP_CNT_1YR_FLG,0.8698268690045152,DROP
CNTTYP_TY708_COMP_CNT_60DAYS_FLG,BJ_ADPT_COMP_CNT_1YR_FLG,0.875571853157957,DROP
UT15_OFFER_15CPT_COMP_CNT_60DAYS_FLG,BJ_ADPT_COMP_CNT_1YR_FLG,0.8754625448033407,DROP
UT15_OFFER_15JHO_COMP_CNT_60DAYS_FLG,BJ_ADPT_COMP_CNT_1YR_FLG,0.872656099012178,DROP
UT15_OFFER_15TSS_COMP_CNT_60DAYS_FLG,BJ_ADPT_COMP_CNT_1YR_FLG,0.8796238607528254,DROP
UT20_OFFER_20A0X_COMP_CNT_60DAYS_FLG,BJ_ADPT_COMP_CNT_1YR_FLG,0.8835683154951773,DROP
UT20_OFFER_20AOF_COMP_CNT_1YR_FLG,BJ_ADPT_COMP_CNT_1YR_FLG,0.8844386808983038,DROP
UT20_OFFER_20B14_COMP_CNT_60DAYS_FLG,BJ_ADPT_COMP_CNT_1YR_FLG,0.8716187582515532,DROP
UT20_OFFER_20B15_COMP_CNT_60DAYS_FLG,BJ_ADPT_COMP_CNT_1YR_FLG,0.8720360995895535,DROP
UT20_OFFER_20C07_COMP_CNT_60DAYS_FLG,BJ_ADPT_COMP_CNT_1YR_FLG,0.8726359548478293,DROP
UT20_OFFER_20CLD_COMP_CNT_1YR_FLG,BJ_ADPT_COMP_CNT_1YR_FLG,0.8703914034885956,DROP
UT20_OFFER_20G19_COMP_CNT_1YR_FLG,BJ_ADPT_COMP_CNT_1YR_FLG,0.8603725438766119,DROP
UT30_OFFER_30A3M_COMP_CNT_1YR_FLG,BJ_ADPT_COMP_CNT_1YR_FLG,0.8712668033702547,DROP
UT30_OFFER_30A5C_COMP_CNT_60DAYS_FLG,BJ_ADPT_COMP_CNT_1YR_FLG,0.8614786828436831,DROP
UT30_OFFER_30A5G_COMP_CNT_1YR_FLG,BJ_ADPT_COMP_CNT_1YR_FLG,0.8683737188221935,DROP
UT30_OFFER_30A5M_COMP_CNT_1YR_FLG,BJ_ADPT_COMP_CNT_1YR_FLG,0.8766135869770297,DROP
UT30_OFFER_30AFW_COMP_CNT_1YR_FLG,BJ_ADPT_COMP_CNT_1YR_FLG,0.8754034782484312,DROP
UT30_OFFER_30AGB_COMP_CNT_60DAYS_FLG,BJ_ADPT_COMP_CNT_1YR_FLG,0.8822143302308514,DROP
UT30_OFFER_30AXK_COMP_CNT_60DAYS_FLG,BJ_ADPT_COMP_CNT_1YR_FLG,0.8807718161736484,DROP
UT30_OFFER_30B6L_COMP_CNT_1YR_FLG,BJ_ADPT_COMP_CNT_1YR_FLG,0.8760680657039724,DROP
UT30_OFFER_30BH6_COMP_CNT_1YR_FLG,BJ_ADPT_COMP_CNT_1YR_FLG,0.8768267142081854,DROP
UT30_OFFER_30BQJ_COMP_CNT_60DAYS_FLG,BJ_ADPT_COMP_CNT_1YR_FLG,0.9154442382657757,DROP
UT30_OFFER_30BQY_COMP_CNT_60DAYS_FLG,BJ_ADPT_COMP_CNT_1YR_FLG,0.9075929415401683,DROP
UT30_OFFER_30C7H_COMP_CNT_1YR_FLG,BJ_ADPT_COMP_CNT_1YR_FLG,0.8578887980079181,DROP
UT30_OFFER_30N78_COMP_CNT_1YR_FLG,BJ_ADPT_COMP_CNT_1YR_FLG,0.8789451727450384,DROP
UT30_OFFER_30NEB_COMP_CNT_60DAYS_FLG,BJ_ADPT_COMP_CNT_1YR_FLG,0.8695592655940905,DROP
CNTTYP_TY009_COMP_CNT_1YR_FLG,BJ_ADPT_COMP_CNT_1YR_FLG,0.8848445911534389,DROP
CNTTYP_TY012_COMP_CNT_60DAYS_FLG,BJ_ADPT_COMP_CNT_1YR_FLG,0.8710487790885029,DROP
CNTTYP_TY729_COMP_CNT_60DAYS_FLG,BJ_ADPT_COMP_CNT_1YR_FLG,0.8627414841914741,DROP
MITC_REGD_COMP_CNT_60DAYS_FLG,BJ_ADPT_COMP_CNT_1YR_FLG,0.8529900709569158,DROP
UT10_OFFER_10M00_COMP_CNT_60DAYS_FLG,BJ_ADPT_COMP_CNT_1YR_FLG,0.8818316344486723,DROP
UT15_OFFER_15MHW_COMP_CNT_60DAYS_FLG,BJ_ADPT_COMP_CNT_1YR_FLG,0.8574190241063105,DROP
UT20_OFFER_20A0O_COMP_CNT_60DAYS_FLG,BJ_ADPT_COMP_CNT_1YR_FLG,0.8757303530747732,DROP
UT20_OFFER_20A0W_COMP_CNT_60DAYS_FLG,BJ_ADPT_COMP_CNT_1YR_FLG,0.8641684010499678,DROP
UT20_OFFER_20APO_COMP_CNT_60DAYS_FLG,BJ_ADPT_COMP_CNT_1YR_FLG,0.8739417813307717,DROP
UT20_OFFER_20B1A_COMP_CNT_60DAYS_FLG,BJ_ADPT_COMP_CNT_1YR_FLG,0.8837950115942688,DROP
UT20_OFFER_20B1G_COMP_CNT_1YR_FLG,BJ_ADPT_COMP_CNT_1YR_FLG,0.8675739913665015,DROP
UT20_OFFER_20B1I_COMP_CNT_1YR_FLG,BJ_ADPT_COMP_CNT_1YR_FLG,0.8536088057658537,DROP
UT20_OFFER_20B2N_COMP_CNT_1YR_FLG,BJ_ADPT_COMP_CNT_1YR_FLG,0.8784088450465233,DROP
UT20_OFFER_20B2P_COMP_CNT_60DAYS_FLG,BJ_ADPT_COMP_CNT_1YR_FLG,0.8978072076756386,DROP
UT20_OFFER_20COP_COMP_CNT_60DAYS_FLG,BJ_ADPT_COMP_CNT_1YR_FLG,0.864012422498747,DROP
UT20_OFFER_20GTM_COMP_CNT_1YR_FLG,BJ_ADPT_COMP_CNT_1YR_FLG,0.8714042257283013,DROP
UT20_OFFER_20J09_COMP_CNT_1YR_FLG,BJ_ADPT_COMP_CNT_1YR_FLG,0.8715715289822641,DROP
UT30_OFFER_30A8X_COMP_CNT_1YR_FLG,BJ_ADPT_COMP_CNT_1YR_FLG,0.8802374594521738,DROP
UT30_OFFER_30AE5_COMP_CNT_1YR_FLG,BJ_ADPT_COMP_CNT_1YR_FLG,0.8734295983411153,DROP
UT30_OFFER_30AG8_COMP_CNT_1YR_FLG,BJ_ADPT_COMP_CNT_1YR_FLG,0.86378821009202,DROP
UT30_OFFER_30AVA_COMP_CNT_1YR_FLG,BJ_ADPT_COMP_CNT_1YR_FLG,0.8754447020330554,DROP
UT30_OFFER_30AYS_COMP_CNT_1YR_FLG,BJ_ADPT_COMP_CNT_1YR_FLG,0.8716839924880108,DROP
UT30_OFFER_30BHY_COMP_CNT_60DAYS_FLG,BJ_ADPT_COMP_CNT_1YR_FLG,0.8613656530850488,DROP
UT30_OFFER_30BII_COMP_CNT_1YR_FLG,BJ_ADPT_COMP_CNT_1YR_FLG,0.8619318991805158,DROP
UT30_OFFER_30D8Z_COMP_CNT_1YR_FLG,BJ_ADPT_COMP_CNT_1YR_FLG,0.8593686001883334,DROP
UT30_OFFER_30DFC_COMP_CNT_1YR_FLG,BJ_ADPT_COMP_CNT_1YR_FLG,0.8729264807708218,DROP
BJ_ADV_COMP_CNT_1YR_FLG,BJ_ADPT_COMP_CNT_1YR_FLG,0.8756985612059993,DROP
BJ_DSC_COMP_CNT_60DAYS_FLG,BJ_ADPT_COMP_CNT_1YR_FLG,0.8623997205546666,DROP
CNTTYP_TY002_COMP_CNT_1YR_FLG,BJ_ADPT_COMP_CNT_1YR_FLG,0.8597745366680608,DROP
CNTTYP_TY006_COMP_CNT_60DAYS_FLG,BJ_ADPT_COMP_CNT_1YR_FLG,0.8693854614532976,DROP
CNTTYP_TY010_COMP_CNT_1YR_FLG,BJ_ADPT_COMP_CNT_1YR_FLG,0.855645153058686,DROP
UT15_OFFER_15WTH_COMP_CNT_60DAYS_FLG,BJ_ADPT_COMP_CNT_1YR_FLG,0.8769034911511544,DROP
UT20_OFFER_20B1K_COMP_CNT_1YR_FLG,BJ_ADPT_COMP_CNT_1YR_FLG,0.8545081236096829,DROP
UT20_OFFER_20C08_COMP_CNT_1YR_FLG,BJ_ADPT_COMP_CNT_1YR_FLG,0.8517344876920873,DROP
UT20_OFFER_20G7C_COMP_CNT_1YR_FLG,BJ_ADPT_COMP_CNT_1YR_FLG,0.8621742978195701,DROP
UT30_OFFER_30AYO_COMP_CNT_60DAYS_FLG,BJ_ADV_COMP_CNT_60DAYS_FLG,0.8804585835765366,DROP
UT30_OFFER_30BI1_COMP_CNT_1YR_FLG,BJ_ADPT_COMP_CNT_1YR_FLG,0.8589916937416697,DROP
UT30_OFFER_30BIH_COMP_CNT_1YR_FLG,BJ_ADPT_COMP_CNT_1YR_FLG,0.8662283663780502,DROP
CNTTYP_TY001_COMP_CNT_1YR_FLG,BJ_ADPT_COMP_CNT_1YR_FLG,0.8675042295793242,DROP
CNTTYP_TY104_COMP_CNT_60DAYS_FLG,BJ_ADPT_COMP_CNT_1YR_FLG,0.8650405033718619,DROP
UT20_OFFER_20A0K_COMP_CNT_60DAYS_FLG,BJ_ADV_COMP_CNT_60DAYS_FLG,0.8671557507437404,DROP
UT20_OFFER_20A0Y_COMP_CNT_60DAYS_FLG,BJ_ADV_COMP_CNT_60DAYS_FLG,0.8634864888107687,DROP
UT20_OFFER_20B1J_COMP_CNT_1YR_FLG,BJ_ADV_COMP_CNT_60DAYS_FLG,0.8638325949798097,DROP
UT20_OFFER_20B2O_COMP_CNT_60DAYS_FLG,BJ_ADPT_COMP_CNT_1YR_FLG,0.9058815274702714,DROP
UT20_OFFER_20COE_COMP_CNT_1YR_FLG,BJ_ADPT_COMP_CNT_1YR_FLG,0.858121439573691,DROP
UT20_OFFER_20D0D_COMP_CNT_1YR_FLG,BJ_ADPT_COMP_CNT_1YR_FLG,0.8539218732099532,DROP
UT30_OFFER_30A1D_COMP_CNT_1YR_FLG,BJ_ADPT_COMP_CNT_1YR_FLG,0.8655916676700545,DROP
UT30_OFFER_30A47_COMP_CNT_1YR_FLG,BJ_ADPT_COMP_CNT_1YR_FLG,0.8627910817219611,DROP
UT30_OFFER_30AFV_COMP_CNT_1YR_FLG,BJ_ADV_COMP_CNT_60DAYS_FLG,0.8577276675557853,DROP
UT30_OFFER_30AGF_COMP_CNT_1YR_FLG,BJ_ADPT_COMP_CNT_1YR_FLG,0.8624959540595842,DROP
UT30_OFFER_30AHF_COMP_CNT_1YR_FLG,BJ_ADPT_COMP_CNT_1YR_FLG,0.8696200014277412,DROP
UT30_OFFER_30BJ0_COMP_CNT_1YR_FLG,BJ_ADPT_COMP_CNT_1YR_FLG,0.86797698721617,DROP
UT30_OFFER_30BKG_COMP_CNT_1YR_FLG,BJ_ADV_COMP_CNT_60DAYS_FLG,0.8647455956241421,DROP
CNTTYP_TY005_COMP_CNT_1YR_FLG,BJ_ADV_COMP_CNT_60DAYS_FLG,0.8607082794075047,DROP
MCCT_F2F_COMP_CNT_60DAYS_FLG,BJ_ADPT_COMP_CNT_1YR_FLG,0.8612940420091489,DROP
UT15_OFFER_156UX_COMP_CNT_1YR_FLG,BJ_ADPT_COMP_CNT_1YR_FLG,0.8515313279549236,DROP
UT15_OFFER_15CLS_COMP_CNT_1YR_FLG,BJ_ADPT_COMP_CNT_1YR_FLG,0.8735263608588749,DROP
UT15_OFFER_15STS_COMP_CNT_60DAYS_FLG,BJ_ADV_COMP_CNT_60DAYS_FLG,0.8684487761378856,DROP
UT15_OFFER_15WCG_COMP_CNT_1YR_FLG,BJ_ADPT_COMP_CNT_1YR_FLG,0.8595288890176187,DROP
UT20_OFFER_20AJ5_COMP_CNT_1YR_FLG,BJ_ADPT_COMP_CNT_1YR_FLG,0.8540310915375338,DROP
UT20_OFFER_20B18_COMP_CNT_1YR_FLG,BJ_ADPT_COMP_CNT_1YR_FLG,0.8515168915940001,DROP
UT20_OFFER_20C0H_COMP_CNT_60DAYS_FLG,BJ_ADPT_COMP_CNT_1YR_FLG,0.8689059482578121,DROP
UT20_OFFER_20D0F_COMP_CNT_1YR_FLG,BJ_ADV_COMP_CNT_60DAYS_FLG,0.8700037050755083,DROP
UT20_OFFER_20NYE_COMP_CNT_60DAYS_FLG,BJ_ADV_COMP_CNT_1YR_FLG,0.8528450517116406,DROP
UT30_OFFER_30A8K_COMP_CNT_1YR_FLG,BJ_ADPT_COMP_CNT_1YR_FLG,0.8578727867577547,DROP
UT30_OFFER_30A9B_COMP_CNT_1YR_FLG,BJ_ADPT_COMP_CNT_1YR_FLG,0.8774371595698649,DROP
UT30_OFFER_30BRS_COMP_CNT_1YR_FLG,BJ_ADPT_COMP_CNT_1YR_FLG,0.8598831936101968,DROP
BJ_BUY_COMP_CNT_60DAYS_FLG,BJ_ADV_COMP_CNT_60DAYS_FLG,0.8564095242497649,DROP
MCCT_HYBR_COMP_CNT_60DAYS_FLG,BJ_ADPT_COMP_CNT_1YR_FLG,0.8820296061849184,DROP
UT15_OFFER_15CAI_COMP_CNT_1YR_FLG,BJ_ADPT_COMP_CNT_1YR_FLG,0.8646393519911032,DROP
UT15_OFFER_15ISS_COMP_CNT_60DAYS_FLG,BJ_ADPT_COMP_CNT_1YR_FLG,0.8561194165262841,DROP
UT15_OFFER_15PHW_COMP_CNT_60DAYS_FLG,BJ_ADPT_COMP_CNT_1YR_FLG,0.8607192466650293,DROP
UT15_OFFER_15STT_COMP_CNT_60DAYS_FLG,BJ_ADV_COMP_CNT_60DAYS_FLG,0.8542703897310105,DROP
UT20_OFFER_20A11_COMP_CNT_60DAYS_FLG,BJ_ADPT_COMP_CNT_1YR_FLG,0.8545574137245195,DROP
UT20_OFFER_20B1T_COMP_CNT_1YR_FLG,BJ_ADPT_COMP_CNT_1YR_FLG,0.8630146117392301,DROP
UT30_OFFER_30A4I_COMP_CNT_1YR_FLG,BJ_ADPT_COMP_CNT_1YR_FLG,0.866629359035162,DROP
UT30_OFFER_30AHI_COMP_CNT_1YR_FLG,BJ_ADPT_COMP_CNT_1YR_FLG,0.8609318944708388,DROP
UT30_OFFER_30AHU_COMP_CNT_60DAYS_FLG,BJ_ADPT_COMP_CNT_1YR_FLG,0.8545607178264396,DROP
UT10_OFFER_10J00_COMP_CNT_60DAYS_FLG,BJ_ADPT_COMP_CNT_1YR_FLG,0.8518375689818514,DROP
UT15_OFFER_15TSS_COMP_CNT_1YR_FLG,BJ_ADPT_COMP_CNT_1YR_FLG,0.850709586631128,DROP
UT30_OFFER_30NEB_COMP_CNT_1YR_FLG,BJ_ADV_COMP_CNT_1YR_FLG,0.8599014819704137,DROP
UT15_OFFER_15EDG_COMP_CNT_1YR_FLG,BJ_ADPT_COMP_CNT_1YR_FLG,0.8557676202726924,DROP
BJ_DSC_INDIV_CNT_1YR_FLG,NA,NA,KEEP
BJ_TRY_INDIV_CNT_60DAYS_FLG,BJ_DSC_INDIV_CNT_1YR_FLG,0.9077321867808393,DROP
CNTTYP_TY008_INDIV_CNT_60DAYS_FLG,BJ_DSC_INDIV_CNT_1YR_FLG,0.9141819663695918,DROP
CNTTYP_TY013_INDIV_CNT_60DAYS_FLG,BJ_DSC_INDIV_CNT_1YR_FLG,0.9188140330298854,DROP
CNTTYP_TY104_INDIV_CNT_1YR_FLG,BJ_DSC_INDIV_CNT_1YR_FLG,0.9221415473806602,DROP
CNTTYP_TY729_INDIV_CNT_1YR_FLG,BJ_DSC_INDIV_CNT_1YR_FLG,0.9320644958568232,DROP
CNTTYP_TY730_INDIV_CNT_60DAYS_FLG,BJ_DSC_INDIV_CNT_1YR_FLG,0.9260503747835058,DROP
MCCT_EML_INDIV_CNT_1YR_FLG,BJ_DSC_INDIV_CNT_1YR_FLG,0.9388117672707533,DROP
MITC_ATND_INDIV_CNT_60DAYS_FLG,BJ_DSC_INDIV_CNT_1YR_FLG,0.9159108909251532,DROP
MITC_EMSG_INDIV_CNT_1YR_FLG,BJ_DSC_INDIV_CNT_1YR_FLG,0.9388117672707533,DROP
MITC_REGD_INDIV_CNT_1YR_FLG,BJ_DSC_INDIV_CNT_1YR_FLG,0.9237822162868368,DROP
SUBPLN_AIAPP_INDIV_CNT_1YR_FLG,BJ_DSC_INDIV_CNT_1YR_FLG,0.9282891649157176,DROP
SUBPLN_COGSYS_INDIV_CNT_1YR_FLG,BJ_DSC_INDIV_CNT_1YR_FLG,0.933004823464301,DROP
SUBPLN_DATAAI_INDIV_CNT_60DAYS_FLG,BJ_DSC_INDIV_CNT_1YR_FLG,0.9190783541917024,DROP
SUBPLN_GBS_INDIV_CNT_1YR_FLG,BJ_DSC_INDIV_CNT_1YR_FLG,0.9219721810856579,DROP
SUBPLN_GTS_INDIV_CNT_1YR_FLG,BJ_DSC_INDIV_CNT_1YR_FLG,0.9180479713892342,DROP
SUBPLN_PCP_INDIV_CNT_1YR_FLG,BJ_DSC_INDIV_CNT_1YR_FLG,0.9359994756130802,DROP
UT10_OFFER_10C00_INDIV_CNT_60DAYS_FLG,BJ_DSC_INDIV_CNT_1YR_FLG,0.9174909770782852,DROP
UT10_OFFER_10M00_INDIV_CNT_1YR_FLG,BJ_DSC_INDIV_CNT_1YR_FLG,0.9411763447556424,DROP
UT15_OFFER_153QH_INDIV_CNT_60DAYS_FLG,BJ_DSC_INDIV_CNT_1YR_FLG,0.9187785117569155,DROP
UT15_OFFER_15IGO_INDIV_CNT_60DAYS_FLG,BJ_DSC_INDIV_CNT_1YR_FLG,0.9305374762662262,DROP
UT15_OFFER_15ISS_INDIV_CNT_1YR_FLG,BJ_DSC_INDIV_CNT_1YR_FLG,0.9201549325437378,DROP
UT15_OFFER_15ITT_INDIV_CNT_1YR_FLG,BJ_DSC_INDIV_CNT_1YR_FLG,0.9233612204929551,DROP
UT15_OFFER_15PHW_INDIV_CNT_1YR_FLG,BJ_DSC_INDIV_CNT_1YR_FLG,0.9188234692622055,DROP
UT20_OFFER_20A0K_INDIV_CNT_1YR_FLG,BJ_DSC_INDIV_CNT_1YR_FLG,0.9358210407733502,DROP
UT20_OFFER_20A0M_INDIV_CNT_1YR_FLG,BJ_DSC_INDIV_CNT_1YR_FLG,0.92648551827238,DROP
UT20_OFFER_20A0O_INDIV_CNT_1YR_FLG,BJ_DSC_INDIV_CNT_1YR_FLG,0.9386763560794846,DROP
UT20_OFFER_20A0W_INDIV_CNT_1YR_FLG,BJ_DSC_INDIV_CNT_1YR_FLG,0.935273115965726,DROP
UT20_OFFER_20A0Y_INDIV_CNT_1YR_FLG,BJ_DSC_INDIV_CNT_1YR_FLG,0.9296517685474049,DROP
UT20_OFFER_20A11_INDIV_CNT_1YR_FLG,BJ_DSC_INDIV_CNT_1YR_FLG,0.9257692713450739,DROP
UT30_OFFER_30AHU_INDIV_CNT_1YR_FLG,BJ_DSC_INDIV_CNT_1YR_FLG,0.9259445666058714,DROP
UT30_OFFER_30AG3_INDIV_CNT_1YR_FLG,BJ_DSC_INDIV_CNT_1YR_FLG,0.9299794763283824,DROP
UT20_OFFER_20NYE_INDIV_CNT_1YR_FLG,BJ_DSC_INDIV_CNT_1YR_FLG,0.9274565039231325,DROP
BJ_BUY_INDIV_CNT_1YR_FLG,BJ_DSC_INDIV_CNT_1YR_FLG,0.9093953197725924,DROP
BJ_LRN_INDIV_CNT_60DAYS_FLG,BJ_BUY_INDIV_CNT_1YR_FLG,0.8791037551847015,DROP
CNTTYP_TY013_INDIV_CNT_1YR_FLG,BJ_BUY_INDIV_CNT_1YR_FLG,0.8876263785429517,DROP
CNTTYP_TY730_INDIV_CNT_1YR_FLG,BJ_BUY_INDIV_CNT_1YR_FLG,0.9277432647391475,DROP
MCCN_DIGINB_INDIV_CNT_60DAYS_FLG,BJ_BUY_INDIV_CNT_1YR_FLG,0.8885264302736341,DROP
MCCT_CS_INDIV_CNT_60DAYS_FLG,BJ_BUY_INDIV_CNT_1YR_FLG,0.8826966792058207,DROP
MCCT_F2F_INDIV_CNT_1YR_FLG,BJ_BUY_INDIV_CNT_1YR_FLG,0.9063815352391563,DROP
MCCT_LP_INDIV_CNT_60DAYS_FLG,BJ_BUY_INDIV_CNT_1YR_FLG,0.9110437166123037,DROP
MITC_CS_INDIV_CNT_60DAYS_FLG,BJ_BUY_INDIV_CNT_1YR_FLG,0.882709148342438,DROP
MITC_PREC_INDIV_CNT_60DAYS_FLG,BJ_BUY_INDIV_CNT_1YR_FLG,0.9039070644946697,DROP
MITC_WEBR_INDIV_CNT_60DAYS_FLG,BJ_BUY_INDIV_CNT_1YR_FLG,0.9110942387125794,DROP
SUBPLN_HCAIPL_INDIV_CNT_1YR_FLG,BJ_BUY_INDIV_CNT_1YR_FLG,0.8799765475715504,DROP
SUBPLN_IBMAUT_INDIV_CNT_1YR_FLG,BJ_BUY_INDIV_CNT_1YR_FLG,0.8902056715386503,DROP
SUBPLN_SECT_INDIV_CNT_1YR_FLG,BJ_BUY_INDIV_CNT_1YR_FLG,0.8930920505265761,DROP
UT10_OFFER_10G00_INDIV_CNT_1YR_FLG,BJ_BUY_INDIV_CNT_1YR_FLG,0.8886536189215671,DROP
UT15_OFFER_15ANP_INDIV_CNT_60DAYS_FLG,BJ_BUY_INDIV_CNT_1YR_FLG,0.9016250249576334,DROP
UT15_OFFER_15IGO_INDIV_CNT_1YR_FLG,BJ_BUY_INDIV_CNT_1YR_FLG,0.8784131098604014,DROP
UT15_OFFER_15SCT_INDIV_CNT_1YR_FLG,BJ_BUY_INDIV_CNT_1YR_FLG,0.8913557461393881,DROP
BJ_TRY_INDIV_CNT_1YR_FLG,BJ_BUY_INDIV_CNT_1YR_FLG,0.8691655911294444,DROP
MCCN_EVNT_INDIV_CNT_60DAYS_FLG,BJ_BUY_INDIV_CNT_1YR_FLG,0.8852631240827652,DROP
MCCT_VIRT_INDIV_CNT_60DAYS_FLG,BJ_BUY_INDIV_CNT_1YR_FLG,0.8946659822660186,DROP
SUBPLN_SRVR_INDIV_CNT_1YR_FLG,BJ_BUY_INDIV_CNT_1YR_FLG,0.9051347490997866,DROP
SUBPLN_STRG_INDIV_CNT_1YR_FLG,BJ_BUY_INDIV_CNT_1YR_FLG,0.9147164808883081,DROP
UT15_OFFER_153QH_INDIV_CNT_1YR_FLG,BJ_BUY_INDIV_CNT_1YR_FLG,0.8783417980973022,DROP
UT15_OFFER_15STT_INDIV_CNT_1YR_FLG,BJ_BUY_INDIV_CNT_1YR_FLG,0.9128291486709508,DROP
UT20_OFFER_20D0C_INDIV_CNT_1YR_FLG,BJ_BUY_INDIV_CNT_1YR_FLG,0.901124222645104,DROP
UT30_OFFER_30DEZ_INDIV_CNT_1YR_FLG,BJ_BUY_INDIV_CNT_1YR_FLG,0.903000282543283,DROP
CNTTYP_TY008_INDIV_CNT_1YR_FLG,BJ_BUY_INDIV_CNT_1YR_FLG,0.8698414776178428,DROP
MITC_ATND_INDIV_CNT_1YR_FLG,BJ_BUY_INDIV_CNT_1YR_FLG,0.8732148005460344,DROP
MITC_PREC_INDIV_CNT_1YR_FLG,BJ_BUY_INDIV_CNT_1YR_FLG,0.8857747982140294,DROP
SUBPLN_DATAAI_INDIV_CNT_1YR_FLG,BJ_BUY_INDIV_CNT_1YR_FLG,0.8806162067892039,DROP
UT10_OFFER_10A00_INDIV_CNT_60DAYS_FLG,BJ_BUY_INDIV_CNT_1YR_FLG,0.8710440588750583,DROP
UT10_OFFER_10C00_INDIV_CNT_1YR_FLG,BJ_BUY_INDIV_CNT_1YR_FLG,0.9119223861987834,DROP
UT15_OFFER_15ANP_INDIV_CNT_1YR_FLG,BJ_BUY_INDIV_CNT_1YR_FLG,0.8719881629405586,DROP
BJ_LRN_INDIV_CNT_1YR_FLG,BJ_BUY_INDIV_CNT_1YR_FLG,0.8724373016277478,DROP
MCCT_CS_INDIV_CNT_1YR_FLG,BJ_BUY_INDIV_CNT_1YR_FLG,0.8629364272369808,DROP
MCCT_LP_INDIV_CNT_1YR_FLG,BJ_BUY_INDIV_CNT_1YR_FLG,0.907254164552031,DROP
MITC_CS_INDIV_CNT_1YR_FLG,BJ_BUY_INDIV_CNT_1YR_FLG,0.8628335077633748,DROP
MITC_WEBR_INDIV_CNT_1YR_FLG,BJ_BUY_INDIV_CNT_1YR_FLG,0.9073200274135185,DROP
MCCT_VIRT_INDIV_CNT_1YR_FLG,BJ_BUY_INDIV_CNT_1YR_FLG,0.8729705814344668,DROP
MCCN_DIGINB_INDIV_CNT_1YR_FLG,BJ_BUY_INDIV_CNT_1YR_FLG,0.9300064602316477,DROP
MCCN_EVNT_INDIV_CNT_1YR_FLG,BJ_BUY_INDIV_CNT_1YR_FLG,0.869120098279679,DROP
UT10_OFFER_10A00_INDIV_CNT_1YR_FLG,BJ_BUY_INDIV_CNT_1YR_FLG,0.9048443218034589,DROP
AVG_RESP_DAYS_INDIV_FLG,BJ_BUY_INDIV_CNT_1YR_FLG,0.9440994447289714,DROP
MED_RESP_DAYS_INDIV_FLG,AVG_RESP_DAYS_INDIV_FLG,0.9995112691000835,DROP
ADV_FRAUD_PRTCT_20B13_LEAD_COMP_SUM_C_FLG,NA,NA,KEEP
ADV_FRAUD_PRTCT_20B13_WON_LEAD_COMP_SUM_C_FLG,NA,NA,KEEP
AI_APP_15ITT_WON_LEAD_COMP_SUM_C_FLG,NA,NA,KEEP
AIX_20C0H_WON_LEAD_COMP_SUM_C_FLG,NA,NA,KEEP
ASSET_MGMT_20B1A_LEAD_COMP_SUM_C_FLG,NA,NA,KEEP
ASSET_MGMT_20B1A_WON_LEAD_COMP_SUM_C_FLG,NA,NA,KEEP
B2B_COLLAB_20B2P_LEAD_COMP_SUM_C_FLG,NA,NA,KEEP
B2B_COLLAB_20B2P_WON_LEAD_COMP_SUM_C_FLG,NA,NA,KEEP
BLOCKCHAIN_156UX_LEAD_COMP_SUM_C_FLG,NA,NA,KEEP
BLOCKCHAIN_SOLS_20B18_LEAD_COMP_SUM_C_FLG,BLOCKCHAIN_156UX_LEAD_COMP_SUM_C_FLG,0.9951151346296693,DROP
BUS_AUTO_20A0Y_WON_LEAD_COMP_SUM_C_FLG,NA,NA,KEEP
CIS_20B1F_LEAD_COMP_SUM_C_FLG,NA,NA,KEEP
CIS_20B1F_WON_LEAD_COMP_SUM_C_FLG,NA,NA,KEEP
CIS_20N2F_LEAD_COMP_SUM_C_FLG,NA,NA,KEEP
CIS_20N2F_WON_LEAD_COMP_SUM_C_FLG,NA,NA,KEEP
CLD_APP_MGMT_20J01_LEAD_COMP_SUM_C_FLG,NA,NA,KEEP
CLD_APP_MGMT_20J01_WON_LEAD_COMP_SUM_C_FLG,NA,NA,KEEP
CLD_MGMT_20APO_WON_LEAD_COMP_SUM_C_FLG,NA,NA,KEEP
CLD_OBJ_STR_20D0E_LEAD_COMP_SUM_C_FLG,NA,NA,KEEP
CLD_PLATF_20A0X_WON_LEAD_COMP_SUM_C_FLG,NA,NA,KEEP
CMPLX_ENG_20B1C_LEAD_COMP_SUM_C_FLG,NA,NA,KEEP
CMPLX_ENG_20B1C_WON_LEAD_COMP_SUM_C_FLG,NA,NA,KEEP
COG_INFRST_PRV_CLD_20CCM_LEAD_COMP_SUM_C_FLG,NA,NA,KEEP
COG_INFRST_PRV_CLD_20CCM_WON_LEAD_COMP_SUM_C_FLG,NA,NA,KEEP
COG_SYS_15PHW_WON_LEAD_COMP_SUM_C_FLG,AIX_20C0H_WON_LEAD_COMP_SUM_C_FLG,0.9322260075662032,DROP
COGNOS_20A0O_LEAD_COMP_SUM_C_FLG,NA,NA,KEEP
COGNOS_20A0O_WON_LEAD_COMP_SUM_C_FLG,NA,NA,KEEP
COLLAB_15CLS_LEAD_COMP_SUM_C_FLG,NA,NA,KEEP
COMP_TECH_20C02_LEAD_COMP_SUM_C_FLG,NA,NA,KEEP
COMP_TECH_20C02_WON_LEAD_COMP_SUM_C_FLG,NA,NA,KEEP
CUST_CARE_20AJ5_WON_LEAD_COMP_SUM_C_FLG,NA,NA,KEEP
DAS_20B1J_LEAD_COMP_SUM_C_FLG,NA,NA,KEEP
DAS_20B1J_WON_LEAD_COMP_SUM_C_FLG,NA,NA,KEEP
DAS_20NJ9_LEAD_COMP_SUM_C_FLG,NA,NA,KEEP
DAS_20NJ9_WON_LEAD_COMP_SUM_C_FLG,NA,NA,KEEP
DATA_AI_PLTF_20A11_LEAD_COMP_SUM_C_FLG,NA,NA,KEEP
DATA_AI_PLTF_20A11_WON_LEAD_COMP_SUM_C_FLG,NA,NA,KEEP
DATA_SCI_20A0K_LEAD_COMP_SUM_C_FLG,NA,NA,KEEP
DATA_SCI_20A0K_WON_LEAD_COMP_SUM_C_FLG,NA,NA,KEEP
DATA_SEC_20B15_LEAD_COMP_SUM_C_FLG,NA,NA,KEEP
DATA_SEC_20B15_WON_LEAD_COMP_SUM_C_FLG,NA,NA,KEEP
DATABASE_20A0M_WON_LEAD_COMP_SUM_C_FLG,NA,NA,KEEP
DATAOPS_20A0N_WON_LEAD_COMP_SUM_C_FLG,NA,NA,KEEP
DB_ZOS_20AYJ_LEAD_COMP_SUM_C_FLG,NA,NA,KEEP
DB_ZOS_20AYJ_WON_LEAD_COMP_SUM_C_FLG,NA,NA,KEEP
DEV_SVC_20D0F_LEAD_COMP_SUM_C_FLG,NA,NA,KEEP
DEV_SVC_20D0F_WON_LEAD_COMP_SUM_C_FLG,NA,NA,KEEP
ENTR_APP_MGMT_CLD_20JEK_LEAD_COMP_SUM_C_FLG,NA,NA,KEEP
ENTR_APP_MGMT_CLD_20JEK_WON_LEAD_COMP_SUM_C_FLG,NA,NA,KEEP
ENTR_APP_MGMT_ON_PRM_20J3H_WON_LEAD_COMP_SUM_C_FLG,NA,NA,KEEP
ENTR_APP_SAP_20JII_LEAD_COMP_SUM_C_FLG,NA,NA,KEEP
ENTR_APP_SAP_20JII_WON_LEAD_COMP_SUM_C_FLG,NA,NA,KEEP
ENTR_CLD_STRAT_20JHE_LEAD_COMP_SUM_C_FLG,NA,NA,KEEP
ENTR_CLD_STRAT_20JHE_WON_LEAD_COMP_SUM_C_FLG,NA,NA,KEEP
ENTR_LINUX_20C0G_LEAD_COMP_SUM_C_FLG,NA,NA,KEEP
ENTR_STRAT_20J09_LEAD_COMP_SUM_C_FLG,NA,NA,KEEP
ENTR_STRAT_20J09_WON_LEAD_COMP_SUM_C_FLG,NA,NA,KEEP
FIN_PFG_20B19_LEAD_COMP_SUM_C_FLG,NA,NA,KEEP
FIN_PFG_20B19_WON_LEAD_COMP_SUM_C_FLG,NA,NA,KEEP
GARS_20H03_LEAD_COMP_SUM_C_FLG,NA,NA,KEEP
GARS_20H03_WON_LEAD_COMP_SUM_C_FLG,NA,NA,KEEP
GTS_PUB_CLOUD_20GT0_LEAD_COMP_SUM_C_FLG,NA,NA,KEEP
GTS_PUB_CLOUD_20GT0_WON_LEAD_COMP_SUM_C_FLG,NA,NA,KEEP
HYB_CLD_SEC_20J2O_LEAD_COMP_SUM_C_FLG,NA,NA,KEEP
HYB_CLD_SEC_20J2O_WON_LEAD_COMP_SUM_C_FLG,NA,NA,KEEP
IAM_20B1L_LEAD_COMP_SUM_C_FLG,NA,NA,KEEP
IAM_20B1L_WON_LEAD_COMP_SUM_C_FLG,NA,NA,KEEP
IAM_20NJP_LEAD_COMP_SUM_C_FLG,NA,NA,KEEP
IAM_20NJP_WON_LEAD_COMP_SUM_C_FLG,NA,NA,KEEP
IBMI_20CLD_LEAD_COMP_SUM_C_FLG,NA,NA,KEEP
ID_MGMT_20B14_LEAD_COMP_SUM_C_FLG,NA,NA,KEEP
ID_MGMT_20B14_WON_LEAD_COMP_SUM_C_FLG,NA,NA,KEEP
MAINFRM_HW_15MHW_WON_LEAD_COMP_SUM_C_FLG,NA,NA,KEEP
MISC_10M00_LEAD_COMP_SUM_C_FLG,NA,NA,KEEP
MISC_10M00_WON_LEAD_COMP_SUM_C_FLG,NA,NA,KEEP
MISC_15MSC_LEAD_COMP_SUM_C_FLG,MISC_10M00_LEAD_COMP_SUM_C_FLG,0.9957201097872296,DROP
MISC_15MSC_WON_LEAD_COMP_SUM_C_FLG,MISC_10M00_WON_LEAD_COMP_SUM_C_FLG,0.9948363892205273,DROP
MOBILE_SEC_20B12_LEAD_COMP_SUM_C_FLG,NA,NA,KEEP
MOBILE_SEC_20B12_WON_LEAD_COMP_SUM_C_FLG,NA,NA,KEEP
NON_IBM_20F03_LEAD_COMP_SUM_C_FLG,NA,NA,KEEP
NON_IBM_20F03_WON_LEAD_COMP_SUM_C_FLG,NA,NA,KEEP
OI_DIGITAL_COVERAGE_SALES_WON_LEAD_COMP_SUM_C_FLG,NA,NA,KEEP
OI_MARKETING_WON_LEAD_COMP_SUM_C_FLG,NA,NA,KEEP
ON_PRM_MDRN_20JVJ_WON_LEAD_COMP_SUM_C_FLG,NA,NA,KEEP
OO_TC_LEAD_COMP_SUM_C_FLG,NA,NA,KEEP
OO_TC_WON_LEAD_COMP_SUM_C_FLG,NA,NA,KEEP
OO_TS_WON_LEAD_COMP_SUM_C_FLG,NA,NA,KEEP
PAAS_PUB_20CHY_LEAD_COMP_SUM_C_FLG,NA,NA,KEEP
POWERAI_20C0R_LEAD_COMP_SUM_C_FLG,NA,NA,KEEP
POWERAI_20C0R_WON_LEAD_COMP_SUM_C_FLG,NA,NA,KEEP
PROMONTORY_15JIA_LEAD_COMP_SUM_C_FLG,FIN_PFG_20B19_LEAD_COMP_SUM_C_FLG,1,DROP
PROMONTORY_15JIA_WON_LEAD_COMP_SUM_C_FLG,FIN_PFG_20B19_WON_LEAD_COMP_SUM_C_FLG,1,DROP
PUB_CLD_CONS_20A46_LEAD_COMP_SUM_C_FLG,NA,NA,KEEP
PUB_CLD_CONS_20A46_WON_LEAD_COMP_SUM_C_FLG,NA,NA,KEEP
PUB_CLD_INF_20D0C_WON_LEAD_COMP_SUM_C_FLG,NA,NA,KEEP
PUB_CLD_PLT_15CI9_LEAD_COMP_SUM_C_FLG,GTS_PUB_CLOUD_20GT0_LEAD_COMP_SUM_C_FLG,0.9838355997859655,DROP
PUB_CLD_PLT_15CI9_WON_LEAD_COMP_SUM_C_FLG,GTS_PUB_CLOUD_20GT0_WON_LEAD_COMP_SUM_C_FLG,0.9916981031492731,DROP
REDHAT_MKTPL_15S8X_LEAD_COMP_SUM_C_FLG,NA,NA,KEEP
REDHAT_MKTPL_20BXY_LEAD_COMP_SUM_C_FLG,REDHAT_MKTPL_15S8X_LEAD_COMP_SUM_C_FLG,1,DROP
REGULATORY_20AU4_WON_LEAD_COMP_SUM_C_FLG,NA,NA,KEEP
SEC_THREAT_MGMT_20NYE_WON_LEAD_COMP_SUM_C_FLG,NA,NA,KEEP
SEC_THREAT_MGMT_INFRS_20B0Z_LEAD_COMP_SUM_C_FLG,NA,NA,KEEP
SEC_THREAT_MGMT_INFRS_20B0Z_WON_LEAD_COMP_SUM_C_FLG,NA,NA,KEEP
SSRC_20B1G_LEAD_COMP_SUM_C_FLG,NA,NA,KEEP
SSRC_20B1G_WON_LEAD_COMP_SUM_C_FLG,NA,NA,KEEP
SSRC_20NLG_COMP_YIELD_C_FLG,NA,NA,KEEP
SSRC_20NLG_LEAD_COMP_SUM_C_FLG,NA,NA,KEEP
SSRC_20NLG_WON_LEAD_COMP_SUM_C_FLG,NA,NA,KEEP
STOR_CYBER_RES_20CSN_LEAD_COMP_SUM_C_FLG,NA,NA,KEEP
STOR_CYBER_RES_20CSN_WON_LEAD_COMP_SUM_C_FLG,NA,NA,KEEP
STOR_DATA_AI_20COE_LEAD_COMP_SUM_C_FLG,NA,NA,KEEP
STOR_DATA_AI_20COE_WON_LEAD_COMP_SUM_C_FLG,NA,NA,KEEP
STOR_HYB_CLD_20COP_WON_LEAD_COMP_SUM_C_FLG,NA,NA,KEEP
STOR_NETW_20C0F_LEAD_COMP_SUM_C_FLG,NA,NA,KEEP
STOR_NETW_20C0F_WON_LEAD_COMP_SUM_C_FLG,NA,NA,KEEP
STOR_OPS_20C0U_LEAD_COMP_SUM_C_FLG,NA,NA,KEEP
STOR_OPS_20C0U_WON_LEAD_COMP_SUM_C_FLG,NA,NA,KEEP
STOR_ZSYS_20C9O_WON_LEAD_COMP_SUM_C_FLG,NA,NA,KEEP
STREAM_20D0A_LEAD_COMP_SUM_C_FLG,NA,NA,KEEP
SUPPLY_CHAIN_20B2O_LEAD_COMP_SUM_C_FLG,NA,NA,KEEP
SUPPLY_CHAIN_20B2O_WON_LEAD_COMP_SUM_C_FLG,NA,NA,KEEP
SW_NETWORK_20AOF_LEAD_COMP_SUM_C_FLG,NA,NA,KEEP
TALENT_MGMT_15TMS_LEAD_COMP_SUM_C_FLG,NA,NA,KEEP
TALENT_MGMT_15TMS_WON_LEAD_COMP_SUM_C_FLG,NA,NA,KEEP
THREAT_MGMT_SVC_20B1I_LEAD_COMP_SUM_C_FLG,NA,NA,KEEP
THREAT_MGMT_SVC_20B1I_WON_LEAD_COMP_SUM_C_FLG,NA,NA,KEEP
TLNT_ACQ_20B0T_LEAD_COMP_SUM_C_FLG,NA,NA,KEEP
TLNT_ACQ_20B0T_WON_LEAD_COMP_SUM_C_FLG,NA,NA,KEEP
TLNT_ASSESSMENT_20B1Q_LEAD_COMP_SUM_C_FLG,NA,NA,KEEP
TLNT_DEV_20B0U_LEAD_COMP_SUM_C_FLG,NA,NA,KEEP
TLNT_DEV_20B0U_WON_LEAD_COMP_SUM_C_FLG,TLNT_DEV_20B0U_LEAD_COMP_SUM_C_FLG,0.9148619847934223,DROP
TMS_20N1I_LEAD_COMP_SUM_C_FLG,NA,NA,KEEP
TMS_20N1I_WON_LEAD_COMP_SUM_C_FLG,NA,NA,KEEP
TRAD_DIST_STOR_20C0M_LEAD_COMP_SUM_C_FLG,NA,NA,KEEP
TRAD_DIST_STOR_20C0M_WON_LEAD_COMP_SUM_C_FLG,NA,NA,KEEP
VMWARE_20D0D_LEAD_COMP_SUM_C_FLG,NA,NA,KEEP
VMWARE_20D0D_WON_LEAD_COMP_SUM_C_FLG,NA,NA,KEEP
W_MEDIA_20D0M_LEAD_LEAD_COMP_SUM_C_FLG,NA,NA,KEEP
WAT_LIFE_SCIENCE_20B1R_LEAD_COMP_SUM_C_FLG,NA,NA,KEEP
WAT_MRKT_15WCG_LEAD_COMP_SUM_C_FLG,NA,NA,KEEP
WAT_MRKT_15WCG_WON_LEAD_COMP_SUM_C_FLG,NA,NA,KEEP
WAT_PAYER_20B1S_LEAD_COMP_SUM_C_FLG,NA,NA,KEEP
WAT_PROVIDER_20B1T_LEAD_COMP_SUM_C_FLG,NA,NA,KEEP
WATSONHEALTH_15WTH_LEAD_COMP_SUM_C_FLG,NA,NA,KEEP
WATSONHEALTH_15WTH_WON_LEAD_COMP_SUM_C_FLG,NA,NA,KEEP
XFORCE_20B1K_LEAD_COMP_SUM_C_FLG,NA,NA,KEEP
XFORCE_20B1K_WON_LEAD_COMP_SUM_C_FLG,NA,NA,KEEP
XFORCE_20N47_LEAD_COMP_SUM_C_FLG,NA,NA,KEEP
XFORCE_20N47_WON_LEAD_COMP_SUM_C_FLG,NA,NA,KEEP
XFORCE_RED_OFF_20B1E_LEAD_COMP_SUM_C_FLG,NA,NA,KEEP
XFORCE_RED_OFF_20B1E_WON_LEAD_COMP_SUM_C_FLG,NA,NA,KEEP
XFR_20NFL_LEAD_COMP_SUM_C_FLG,NA,NA,KEEP
XFR_20NFL_WON_LEAD_COMP_SUM_C_FLG,NA,NA,KEEP
Z_DEV_OPS_20C01_LEAD_COMP_SUM_C_FLG,NA,NA,KEEP
Z_DEV_OPS_20C01_WON_LEAD_COMP_SUM_C_FLG,NA,NA,KEEP
Z_IT_MGMT_20C05_LEAD_COMP_SUM_C_FLG,NA,NA,KEEP
Z_IT_MGMT_20C05_WON_LEAD_COMP_SUM_C_FLG,NA,NA,KEEP
Z_LINUX_H_20C07_WON_LEAD_COMP_SUM_C_FLG,MAINFRM_HW_15MHW_WON_LEAD_COMP_SUM_C_FLG,0.8856126963152126,DROP
Z_LINUX_M_20C08_LEAD_COMP_SUM_C_FLG,NA,NA,KEEP
Z_LINUX_M_20C08_WON_LEAD_COMP_SUM_C_FLG,NA,NA,KEEP
Z_OPS_PERF_20C06_LEAD_COMP_SUM_C_FLG,NA,NA,KEEP
Z_OPS_PERF_20C06_WON_LEAD_COMP_SUM_C_FLG,NA,NA,KEEP
Z_OS_20C09_LEAD_COMP_SUM_C_FLG,NA,NA,KEEP
Z_OS_20C09_WON_LEAD_COMP_SUM_C_FLG,NA,NA,KEEP
Z_OS_20C0S_LEAD_COMP_SUM_C_FLG,NA,NA,KEEP
Z_SEC_20CZJ_LEAD_COMP_SUM_C_FLG,NA,NA,KEEP
Z_TRANS_INTGR_20C03_LEAD_COMP_SUM_C_FLG,NA,NA,KEEP
Z_TRANS_INTGR_20C03_WON_LEAD_COMP_SUM_C_FLG,NA,NA,KEEP
Z_TRANS_SYS_20C04_LEAD_COMP_SUM_C_FLG,NA,NA,KEEP
Z_TRANS_SYS_20C04_WON_LEAD_COMP_SUM_C_FLG,NA,NA,KEEP
ZTPS_OPS_20C0T_LEAD_COMP_SUM_C_FLG,NA,NA,KEEP
ZTPS_OPS_20C0T_WON_LEAD_COMP_SUM_C_FLG,NA,NA,KEEP
ADV_FRAUD_PRTCT_20B13_WON_DTL_REVN_COMP_SUM_C,NA,NA,KEEP
AI_APP_15ITT_LEAD_COMP_SUM_C,NA,NA,KEEP
AI_APP_15ITT_WON_DTL_REVN_COMP_SUM_C,NA,NA,KEEP
AIX_20C0H_LEAD_COMP_SUM_C,NA,NA,KEEP
AIX_20C0H_WON_DTL_REVN_COMP_SUM_C,NA,NA,KEEP
ALL_LEAD_COMP_SUM_C,NA,NA,KEEP
ALL_OTHER_UT10_LEAD_COMP_SUM_C,NA,NA,KEEP
ALL_OTHER_UT10_WON_DTL_REVN_COMP_SUM_C,NA,NA,KEEP
ALL_OTHER_UT10_WON_LEAD_COMP_SUM_C,ALL_OTHER_UT10_LEAD_COMP_SUM_C,0.8689922306361806,DROP
ALL_OTHER_UT15_LEAD_COMP_SUM_C,NA,NA,KEEP
ALL_OTHER_UT15_WON_DTL_REVN_COMP_SUM_C,NA,NA,KEEP
ALL_OTHER_UT15_WON_LEAD_COMP_SUM_C,ALL_OTHER_UT15_LEAD_COMP_SUM_C,0.8951927082383963,DROP
ALL_WON_DTL_REVN_COMP_SUM_C,NA,NA,KEEP
ALL_WON_LEAD_COMP_SUM_C,ALL_LEAD_COMP_SUM_C,0.9452651270947316,DROP
APP_MGMT_ON_PRM_20JDQ_LEAD_COMP_SUM_C,NA,NA,KEEP
APP_MGMT_ON_PRM_20JDQ_WON_DTL_REVN_COMP_SUM_C,NA,NA,KEEP
APP_MGMT_ON_PRM_20JDQ_WON_LEAD_COMP_SUM_C,APP_MGMT_ON_PRM_20JDQ_LEAD_COMP_SUM_C,0.9593056897713517,DROP
ASSET_MGMT_20B1A_WON_DTL_REVN_COMP_SUM_C,NA,NA,KEEP
B2B_COLLAB_20B2P_WON_DTL_REVN_COMP_SUM_C,NA,NA,KEEP
BUS_AUTO_20A0Y_LEAD_COMP_SUM_C,NA,NA,KEEP
BUS_AUTO_20A0Y_WON_DTL_REVN_COMP_SUM_C,NA,NA,KEEP
BUS_TRANS_15CPT_LEAD_COMP_SUM_C,NA,NA,KEEP
BUS_TRANS_15CPT_WON_DTL_REVN_COMP_SUM_C,NA,NA,KEEP
BUS_TRANS_15CPT_WON_LEAD_COMP_SUM_C,BUS_TRANS_15CPT_LEAD_COMP_SUM_C,0.9492392196390198,DROP
CIS_20B1F_WON_DTL_REVN_COMP_SUM_C,NA,NA,KEEP
CIS_20N2F_WON_DTL_REVN_COMP_SUM_C,NA,NA,KEEP
CLD_APP_DEV_20J2W_LEAD_COMP_SUM_C,NA,NA,KEEP
CLD_APP_DEV_20J2W_WON_DTL_REVN_COMP_SUM_C,NA,NA,KEEP
CLD_APP_DEV_20J2W_WON_LEAD_COMP_SUM_C,CLD_APP_DEV_20J2W_LEAD_COMP_SUM_C,0.9435432705813234,DROP
CLD_APP_MGMT_20J01_WON_DTL_REVN_COMP_SUM_C,NA,NA,KEEP
CLD_MDRN_20JMW_LEAD_COMP_SUM_C,NA,NA,KEEP
CLD_MDRN_20JMW_WON_DTL_REVN_COMP_SUM_C,NA,NA,KEEP
CLD_MDRN_20JMW_WON_LEAD_COMP_SUM_C,CLD_MDRN_20JMW_LEAD_COMP_SUM_C,0.8906668553656071,DROP
CLD_MGMT_20APO_LEAD_COMP_SUM_C,NA,NA,KEEP
CLD_MGMT_20APO_WON_DTL_REVN_COMP_SUM_C,NA,NA,KEEP
CLD_PLATF_20A0X_LEAD_COMP_SUM_C,NA,NA,KEEP
CLD_PLATF_20A0X_WON_DTL_REVN_COMP_SUM_C,NA,NA,KEEP
CLIENT_FIN_20H01_LEAD_COMP_SUM_C,NA,NA,KEEP
CLIENT_FIN_20H01_WON_DTL_REVN_COMP_SUM_C,NA,NA,KEEP
CLIENT_FIN_20H01_WON_LEAD_COMP_SUM_C,NA,NA,KEEP
CMPLX_ENG_20B1C_WON_DTL_REVN_COMP_SUM_C,NA,NA,KEEP
COG_INFRST_PRV_CLD_20CCM_WON_DTL_REVN_COMP_SUM_C,NA,NA,KEEP
COG_PROC_SVC_BPO_20J07_LEAD_COMP_SUM_C,NA,NA,KEEP
COG_PROC_SVC_BPO_20J07_WON_DTL_REVN_COMP_SUM_C,NA,NA,KEEP
COG_PROC_SVC_BPO_20J07_WON_LEAD_COMP_SUM_C,COG_PROC_SVC_BPO_20J07_LEAD_COMP_SUM_C,0.8879649160191703,DROP
COG_SYS_15PHW_LEAD_COMP_SUM_C,AIX_20C0H_LEAD_COMP_SUM_C,0.9618924264639391,DROP
COG_SYS_15PHW_WON_DTL_REVN_COMP_SUM_C,AIX_20C0H_WON_DTL_REVN_COMP_SUM_C,0.986759676508997,DROP
COGNOS_20A0O_WON_DTL_REVN_COMP_SUM_C,NA,NA,KEEP
COMP_TECH_20C02_WON_DTL_REVN_COMP_SUM_C,NA,NA,KEEP
CONSULTING_10J00_LEAD_COMP_SUM_C,ALL_LEAD_COMP_SUM_C,0.8655299892790866,DROP
CONSULTING_10J00_WON_DTL_REVN_COMP_SUM_C,BUS_TRANS_15CPT_WON_DTL_REVN_COMP_SUM_C,0.8729139100488545,DROP
CONSULTING_10J00_WON_LEAD_COMP_SUM_C,ALL_WON_LEAD_COMP_SUM_C,0.8886179955073961,DROP
CUST_CARE_20AJ5_LEAD_COMP_SUM_C,NA,NA,KEEP
CUST_CARE_20AJ5_WON_DTL_REVN_COMP_SUM_C,NA,NA,KEEP
CUST_TRNS_20J10_LEAD_COMP_SUM_C,NA,NA,KEEP
CUST_TRNS_20J10_WON_DTL_REVN_COMP_SUM_C,NA,NA,KEEP
CUST_TRNS_20J10_WON_LEAD_COMP_SUM_C,CUST_TRNS_20J10_LEAD_COMP_SUM_C,0.9382746286060258,DROP
DAS_20B1J_WON_DTL_REVN_COMP_SUM_C,NA,NA,KEEP
DAS_20NJ9_WON_DTL_REVN_COMP_SUM_C,NA,NA,KEEP
DATA_AI_15ANP_LEAD_COMP_SUM_C,ALL_OTHER_UT15_LEAD_COMP_SUM_C,0.9310699604697648,DROP
DATA_AI_15ANP_WON_DTL_REVN_COMP_SUM_C,ALL_OTHER_UT15_WON_DTL_REVN_COMP_SUM_C,0.9063625655955533,DROP
DATA_AI_15ANP_WON_LEAD_COMP_SUM_C,ALL_OTHER_UT15_WON_LEAD_COMP_SUM_C,0.8724891017098719,DROP
DATA_AI_PLTF_20A11_WON_DTL_REVN_COMP_SUM_C,NA,NA,KEEP
DATA_SCI_20A0K_WON_DTL_REVN_COMP_SUM_C,NA,NA,KEEP
DATA_SEC_20B15_WON_DTL_REVN_COMP_SUM_C,NA,NA,KEEP
DATA_TECH_TRNS_20J05_LEAD_COMP_SUM_C,NA,NA,KEEP
DATA_TECH_TRNS_20J05_WON_DTL_REVN_COMP_SUM_C,NA,NA,KEEP
DATA_TECH_TRNS_20J05_WON_LEAD_COMP_SUM_C,DATA_TECH_TRNS_20J05_LEAD_COMP_SUM_C,0.9209562826449488,DROP
DATABASE_20A0M_LEAD_COMP_SUM_C,NA,NA,KEEP
DATABASE_20A0M_WON_DTL_REVN_COMP_SUM_C,NA,NA,KEEP
DATAOPS_20A0N_LEAD_COMP_SUM_C,NA,NA,KEEP
DATAOPS_20A0N_WON_DTL_REVN_COMP_SUM_C,NA,NA,KEEP
DB_ZOS_20AYJ_WON_DTL_REVN_COMP_SUM_C,NA,NA,KEEP
DEV_SVC_20D0F_WON_DTL_REVN_COMP_SUM_C,NA,NA,KEEP
ENTR_APP_20J03_LEAD_COMP_SUM_C,NA,NA,KEEP
ENTR_APP_20J03_WON_DTL_REVN_COMP_SUM_C,NA,NA,KEEP
ENTR_APP_20J03_WON_LEAD_COMP_SUM_C,ENTR_APP_20J03_LEAD_COMP_SUM_C,0.9533887212728812,DROP
ENTR_APP_MGMT_CLD_20JEK_WON_DTL_REVN_COMP_SUM_C,NA,NA,KEEP
ENTR_APP_MGMT_ON_PRM_20J3H_LEAD_COMP_SUM_C,NA,NA,KEEP
ENTR_APP_MGMT_ON_PRM_20J3H_WON_DTL_REVN_COMP_SUM_C,NA,NA,KEEP
ENTR_APP_SAP_20JII_WON_DTL_REVN_COMP_SUM_C,NA,NA,KEEP
ENTR_CLD_STRAT_20JHE_WON_DTL_REVN_COMP_SUM_C,NA,NA,KEEP
ENTR_STRAT_20J09_WON_DTL_REVN_COMP_SUM_C,NA,NA,KEEP
FIN_GRP_10H00_LEAD_COMP_SUM_C,CLIENT_FIN_20H01_LEAD_COMP_SUM_C,0.9867415560868179,DROP
FIN_GRP_10H00_WON_DTL_REVN_COMP_SUM_C,CLIENT_FIN_20H01_WON_DTL_REVN_COMP_SUM_C,0.9972676769999683,DROP
FIN_GRP_10H00_WON_LEAD_COMP_SUM_C,CLIENT_FIN_20H01_WON_LEAD_COMP_SUM_C,0.9872697704261083,DROP
FIN_GRP_15RR4_LEAD_COMP_SUM_C,CLIENT_FIN_20H01_LEAD_COMP_SUM_C,0.9867415560868179,DROP
FIN_GRP_15RR4_WON_DTL_REVN_COMP_SUM_C,CLIENT_FIN_20H01_WON_DTL_REVN_COMP_SUM_C,0.9972676769999683,DROP
FIN_GRP_15RR4_WON_LEAD_COMP_SUM_C,CLIENT_FIN_20H01_WON_LEAD_COMP_SUM_C,0.9872697704261083,DROP
FIN_SUPPLY_CHAIN_TRNS_20J06_LEAD_COMP_SUM_C,NA,NA,KEEP
FIN_SUPPLY_CHAIN_TRNS_20J06_WON_DTL_REVN_COMP_SUM_C,NA,NA,KEEP
FIN_SUPPLY_CHAIN_TRNS_20J06_WON_LEAD_COMP_SUM_C,FIN_SUPPLY_CHAIN_TRNS_20J06_LEAD_COMP_SUM_C,0.9262162665809797,DROP
GARS_20H03_WON_DTL_REVN_COMP_SUM_C,NA,NA,KEEP
GTS_PUB_CLOUD_20GT0_WON_DTL_REVN_COMP_SUM_C,NA,NA,KEEP
HYB_CLD_SEC_20J2O_WON_DTL_REVN_COMP_SUM_C,NA,NA,KEEP
HYBRID_CLOUD_15CAI_LEAD_COMP_SUM_C,CONSULTING_10J00_LEAD_COMP_SUM_C,0.9128263214712563,DROP
HYBRID_CLOUD_15CAI_WON_DTL_REVN_COMP_SUM_C,APP_MGMT_ON_PRM_20JDQ_WON_DTL_REVN_COMP_SUM_C,0.8805494427714526,DROP
HYBRID_CLOUD_15CAI_WON_LEAD_COMP_SUM_C,CONSULTING_10J00_LEAD_COMP_SUM_C,0.8806519966761904,DROP
IAM_20B1L_WON_DTL_REVN_COMP_SUM_C,NA,NA,KEEP
IAM_20NJP_WON_DTL_REVN_COMP_SUM_C,NA,NA,KEEP
IBM_AUTO_15IGO_LEAD_COMP_SUM_C,ALL_OTHER_UT15_LEAD_COMP_SUM_C,0.9262670337034129,DROP
IBM_AUTO_15IGO_WON_DTL_REVN_COMP_SUM_C,ALL_OTHER_UT15_WON_DTL_REVN_COMP_SUM_C,0.8961970827356711,DROP
IBM_AUTO_15IGO_WON_LEAD_COMP_SUM_C,ALL_OTHER_UT15_WON_LEAD_COMP_SUM_C,0.8963720387753223,DROP
ID_MGMT_20B14_WON_DTL_REVN_COMP_SUM_C,NA,NA,KEEP
INFRASTRUCTURE_10C00_LEAD_COMP_SUM_C,NA,NA,KEEP
INFRASTRUCTURE_10C00_WON_DTL_REVN_COMP_SUM_C,NA,NA,KEEP
INFRASTRUCTURE_10C00_WON_LEAD_COMP_SUM_C,INFRASTRUCTURE_10C00_LEAD_COMP_SUM_C,0.9130610988579538,DROP
INTEGRATION_20A0W_LEAD_COMP_SUM_C,IBM_AUTO_15IGO_LEAD_COMP_SUM_C,0.8528814528941793,DROP
INTEGRATION_20A0W_WON_DTL_REVN_COMP_SUM_C,NA,NA,KEEP
INTEGRATION_20A0W_WON_LEAD_COMP_SUM_C,INTEGRATION_20A0W_LEAD_COMP_SUM_C,0.8599245543422493,DROP
LDR_LEAD_COMP_SUM_C,NA,NA,KEEP
LDR_WON_DTL_REVN_COMP_SUM_C,NA,NA,KEEP
LDR_WON_LEAD_COMP_SUM_C,NA,NA,KEEP
MAINFRM_HW_15MHW_LEAD_COMP_SUM_C,NA,NA,KEEP
MAINFRM_HW_15MHW_WON_DTL_REVN_COMP_SUM_C,INFRASTRUCTURE_10C00_WON_DTL_REVN_COMP_SUM_C,0.8719969268690881,DROP
MAINFRM_SW_15MFT_LEAD_COMP_SUM_C,NA,NA,KEEP
MAINFRM_SW_15MFT_WON_DTL_REVN_COMP_SUM_C,NA,NA,KEEP
MAINFRM_SW_15MFT_WON_LEAD_COMP_SUM_C,MAINFRM_SW_15MFT_LEAD_COMP_SUM_C,0.8537171928677029,DROP
MISC_10M00_WON_DTL_REVN_COMP_SUM_C,NA,NA,KEEP
MISC_15MSC_WON_DTL_REVN_COMP_SUM_C,MISC_10M00_WON_DTL_REVN_COMP_SUM_C,0.9997376019791769,DROP
MOBILE_SEC_20B12_WON_DTL_REVN_COMP_SUM_C,NA,NA,KEEP
NON_IBM_20F03_WON_DTL_REVN_COMP_SUM_C,NA,NA,KEEP
OI_BP_LEAD_COMP_SUM_C,NA,NA,KEEP
OI_BP_WON_DTL_REVN_COMP_SUM_C,NA,NA,KEEP
OI_BP_WON_LEAD_COMP_SUM_C,OI_BP_LEAD_COMP_SUM_C,0.8864639892414189,DROP
OI_BRAND_SALES_LEAD_COMP_SUM_C,ALL_LEAD_COMP_SUM_C,0.9524922283737945,DROP
OI_BRAND_SALES_WON_DTL_REVN_COMP_SUM_C,ALL_WON_DTL_REVN_COMP_SUM_C,0.9331948472721856,DROP
OI_BRAND_SALES_WON_LEAD_COMP_SUM_C,ALL_LEAD_COMP_SUM_C,0.895021060894338,DROP
OI_CLIENT_REP_LEAD_COMP_SUM_C,NA,NA,KEEP
OI_CLIENT_REP_WON_DTL_REVN_COMP_SUM_C,NA,NA,KEEP
OI_CLIENT_REP_WON_LEAD_COMP_SUM_C,OI_CLIENT_REP_LEAD_COMP_SUM_C,0.8549309015656319,DROP
OI_DIGITAL_BRAND_SALES_LEAD_COMP_SUM_C,NA,NA,KEEP
OI_DIGITAL_BRAND_SALES_WON_DTL_REVN_COMP_SUM_C,NA,NA,KEEP
OI_DIGITAL_BRAND_SALES_WON_LEAD_COMP_SUM_C,OI_DIGITAL_BRAND_SALES_LEAD_COMP_SUM_C,0.893154364651986,DROP
OI_DIGITAL_COVERAGE_SALES_LEAD_COMP_SUM_C,NA,NA,KEEP
OI_DIGITAL_COVERAGE_SALES_WON_DTL_REVN_COMP_SUM_C,NA,NA,KEEP
OI_MARKETING_LEAD_COMP_SUM_C,NA,NA,KEEP
OI_MARKETING_WON_DTL_REVN_COMP_SUM_C,NA,NA,KEEP
OI_SVCS_DELIVERY_LEAD_COMP_SUM_C,NA,NA,KEEP
OI_SVCS_DELIVERY_WON_DTL_REVN_COMP_SUM_C,NA,NA,KEEP
OI_SVCS_DELIVERY_WON_LEAD_COMP_SUM_C,OI_SVCS_DELIVERY_LEAD_COMP_SUM_C,0.9589037382390071,DROP
OI_TECH_SALES_LEAD_COMP_SUM_C,NA,NA,KEEP
OI_TECH_SALES_WON_DTL_REVN_COMP_SUM_C,NA,NA,KEEP
OI_TECH_SALES_WON_LEAD_COMP_SUM_C,NA,NA,KEEP
OI_TECH_SUPP_LEAD_COMP_SUM_C,NA,NA,KEEP
OI_TECH_SUPP_WON_DTL_REVN_COMP_SUM_C,NA,NA,KEEP
OI_TECH_SUPP_WON_LEAD_COMP_SUM_C,OI_TECH_SUPP_LEAD_COMP_SUM_C,0.9518835639920348,DROP
ON_PRM_APP_DEV_20J3T_LEAD_COMP_SUM_C,NA,NA,KEEP
ON_PRM_APP_DEV_20J3T_WON_DTL_REVN_COMP_SUM_C,NA,NA,KEEP
ON_PRM_APP_DEV_20J3T_WON_LEAD_COMP_SUM_C,ON_PRM_APP_DEV_20J3T_LEAD_COMP_SUM_C,0.9725358717897127,DROP
ON_PRM_MDRN_20JVJ_LEAD_COMP_SUM_C,NA,NA,KEEP
ON_PRM_MDRN_20JVJ_WON_DTL_REVN_COMP_SUM_C,NA,NA,KEEP
OO_BP_LEAD_COMP_SUM_C,NA,NA,KEEP
OO_BP_WON_DTL_REVN_COMP_SUM_C,NA,NA,KEEP
OO_BP_WON_LEAD_COMP_SUM_C,NA,NA,KEEP
OO_FS_LEAD_COMP_SUM_C,ALL_LEAD_COMP_SUM_C,0.9984299953068492,DROP
OO_FS_WON_DTL_REVN_COMP_SUM_C,ALL_WON_DTL_REVN_COMP_SUM_C,0.997929099911184,DROP
OO_FS_WON_LEAD_COMP_SUM_C,ALL_LEAD_COMP_SUM_C,0.9400848066682088,DROP
OO_TC_WON_DTL_REVN_COMP_SUM_C,NA,NA,KEEP
OO_TS_LEAD_COMP_SUM_C,NA,NA,KEEP
OO_TS_WON_DTL_REVN_COMP_SUM_C,NA,NA,KEEP
POWERAI_20C0R_WON_DTL_REVN_COMP_SUM_C,NA,NA,KEEP
PUB_CLD_CONS_20A46_WON_DTL_REVN_COMP_SUM_C,NA,NA,KEEP
PUB_CLD_INF_20D0C_LEAD_COMP_SUM_C,NA,NA,KEEP
PUB_CLD_INF_20D0C_WON_DTL_REVN_COMP_SUM_C,NA,NA,KEEP
PUB_CLD_PLT_15CI9_WON_DTL_REVN_COMP_SUM_C,GTS_PUB_CLOUD_20GT0_WON_DTL_REVN_COMP_SUM_C,0.9946456134216516,DROP
PUB_CLOUD_153QH_LEAD_COMP_SUM_C,NA,NA,KEEP
PUB_CLOUD_153QH_WON_DTL_REVN_COMP_SUM_C,NA,NA,KEEP
PUB_CLOUD_153QH_WON_LEAD_COMP_SUM_C,PUB_CLOUD_153QH_LEAD_COMP_SUM_C,0.8641102965200435,DROP
REGULATORY_20AU4_LEAD_COMP_SUM_C,NA,NA,KEEP
REGULATORY_20AU4_WON_DTL_REVN_COMP_SUM_C,NA,NA,KEEP
SEC_SVC_15STS_LEAD_COMP_SUM_C,NA,NA,KEEP
SEC_SVC_15STS_WON_DTL_REVN_COMP_SUM_C,NA,NA,KEEP
SEC_SVC_15STS_WON_LEAD_COMP_SUM_C,SEC_SVC_15STS_LEAD_COMP_SUM_C,0.8903213812478493,DROP
SEC_SW_15SCT_LEAD_COMP_SUM_C,NA,NA,KEEP
SEC_SW_15SCT_WON_DTL_REVN_COMP_SUM_C,NA,NA,KEEP
SEC_SW_15SCT_WON_LEAD_COMP_SUM_C,NA,NA,KEEP
SEC_THREAT_MGMT_20NYE_LEAD_COMP_SUM_C,NA,NA,KEEP
SEC_THREAT_MGMT_20NYE_WON_DTL_REVN_COMP_SUM_C,NA,NA,KEEP
SEC_THREAT_MGMT_INFRS_20B0Z_WON_DTL_REVN_COMP_SUM_C,NA,NA,KEEP
SOFTWARE_10A00_LEAD_COMP_SUM_C,ALL_OTHER_UT15_LEAD_COMP_SUM_C,0.9904424130402094,DROP
SOFTWARE_10A00_WON_DTL_REVN_COMP_SUM_C,ALL_OTHER_UT15_WON_DTL_REVN_COMP_SUM_C,0.9511232087483064,DROP
SOFTWARE_10A00_WON_LEAD_COMP_SUM_C,ALL_OTHER_UT15_LEAD_COMP_SUM_C,0.8750954499971613,DROP
SSRC_20B1G_WON_DTL_REVN_COMP_SUM_C,NA,NA,KEEP
SSRC_20NLG_WON_DTL_REVN_COMP_SUM_C,NA,NA,KEEP
STOR_CYBER_RES_20CSN_WON_DTL_REVN_COMP_SUM_C,NA,NA,KEEP
STOR_DATA_AI_20COE_WON_DTL_REVN_COMP_SUM_C,NA,NA,KEEP
STOR_HYB_CLD_20COP_LEAD_COMP_SUM_C,NA,NA,KEEP
STOR_HYB_CLD_20COP_WON_DTL_REVN_COMP_SUM_C,NA,NA,KEEP
STOR_NETW_20C0F_WON_DTL_REVN_COMP_SUM_C,NA,NA,KEEP
STOR_OPS_20C0U_WON_DTL_REVN_COMP_SUM_C,NA,NA,KEEP
STOR_ZSYS_20C9O_LEAD_COMP_SUM_C,NA,NA,KEEP
STOR_ZSYS_20C9O_WON_DTL_REVN_COMP_SUM_C,NA,NA,KEEP
STORAGE_15STT_LEAD_COMP_SUM_C,INFRASTRUCTURE_10C00_LEAD_COMP_SUM_C,0.9119463746263012,DROP
STORAGE_15STT_WON_DTL_REVN_COMP_SUM_C,NA,NA,KEEP
STORAGE_15STT_WON_LEAD_COMP_SUM_C,INFRASTRUCTURE_10C00_WON_LEAD_COMP_SUM_C,0.8672331389042485,DROP
SUPPLY_CHAIN_20B2O_WON_DTL_REVN_COMP_SUM_C,NA,NA,KEEP
TALENT_MGMT_15TMS_WON_DTL_REVN_COMP_SUM_C,NA,NA,KEEP
TECH_SUPP_15TSS_LEAD_COMP_SUM_C,NA,NA,KEEP
TECH_SUPP_15TSS_WON_DTL_REVN_COMP_SUM_C,NA,NA,KEEP
TECH_SUPP_15TSS_WON_LEAD_COMP_SUM_C,TECH_SUPP_15TSS_LEAD_COMP_SUM_C,0.9606727409665216,DROP
THREAT_MGMT_SVC_20B1I_WON_DTL_REVN_COMP_SUM_C,NA,NA,KEEP
TLNT_ACQ_20B0T_WON_DTL_REVN_COMP_SUM_C,NA,NA,KEEP
TLNT_DEV_20B0U_WON_DTL_REVN_COMP_SUM_C,NA,NA,KEEP
TMS_20N1I_WON_DTL_REVN_COMP_SUM_C,NA,NA,KEEP
TRAD_DIST_STOR_20C0M_WON_DTL_REVN_COMP_SUM_C,NA,NA,KEEP
TSS_LOGO_20G20_LEAD_COMP_SUM_C,TECH_SUPP_15TSS_LEAD_COMP_SUM_C,0.8791481998513245,DROP
TSS_LOGO_20G20_WON_DTL_REVN_COMP_SUM_C,TECH_SUPP_15TSS_WON_DTL_REVN_COMP_SUM_C,0.8777893901270336,DROP
TSS_LOGO_20G20_WON_LEAD_COMP_SUM_C,TECH_SUPP_15TSS_WON_LEAD_COMP_SUM_C,0.871365776507371,DROP
TSS_MULTI_VEND_20G19_LEAD_COMP_SUM_C,TECH_SUPP_15TSS_LEAD_COMP_SUM_C,0.8897784482117571,DROP
TSS_MULTI_VEND_20G19_WON_DTL_REVN_COMP_SUM_C,NA,NA,KEEP
TSS_MULTI_VEND_20G19_WON_LEAD_COMP_SUM_C,TSS_MULTI_VEND_20G19_LEAD_COMP_SUM_C,0.9266747769005675,DROP
VMWARE_20D0D_WON_DTL_REVN_COMP_SUM_C,NA,NA,KEEP
WAT_MRKT_15WCG_WON_DTL_REVN_COMP_SUM_C,NA,NA,KEEP
WATSONHEALTH_15WTH_WON_DTL_REVN_COMP_SUM_C,WATSONHEALTH_15WTH_WON_LEAD_COMP_SUM_C_FLG,0.8729884981526522,DROP
XFORCE_20B1K_WON_DTL_REVN_COMP_SUM_C,NA,NA,KEEP
XFORCE_20N47_WON_DTL_REVN_COMP_SUM_C,NA,NA,KEEP
XFORCE_RED_OFF_20B1E_WON_DTL_REVN_COMP_SUM_C,NA,NA,KEEP
XFR_20NFL_WON_DTL_REVN_COMP_SUM_C,NA,NA,KEEP
Z_DEV_OPS_20C01_WON_DTL_REVN_COMP_SUM_C,NA,NA,KEEP
Z_IT_MGMT_20C05_WON_DTL_REVN_COMP_SUM_C,NA,NA,KEEP
Z_LINUX_H_20C07_LEAD_COMP_SUM_C,MAINFRM_HW_15MHW_LEAD_COMP_SUM_C,0.9470741501906665,DROP
Z_LINUX_H_20C07_WON_DTL_REVN_COMP_SUM_C,MAINFRM_HW_15MHW_WON_DTL_REVN_COMP_SUM_C,0.981524577515118,DROP
Z_LINUX_M_20C08_WON_DTL_REVN_COMP_SUM_C,NA,NA,KEEP
Z_OPS_PERF_20C06_WON_DTL_REVN_COMP_SUM_C,NA,NA,KEEP
Z_OS_20C09_WON_DTL_REVN_COMP_SUM_C,NA,NA,KEEP
Z_TRANS_INTGR_20C03_WON_DTL_REVN_COMP_SUM_C,NA,NA,KEEP
Z_TRANS_SYS_20C04_WON_DTL_REVN_COMP_SUM_C,NA,NA,KEEP
ZTPS_OPS_20C0T_WON_DTL_REVN_COMP_SUM_C,NA,NA,KEEP
SOFTWARE_10A00_LEAD_INDIV_SUM_I,NA,NA,KEEP
INFRASTRUCTURE_10C00_LEAD_INDIV_SUM_I_FLG,NA,NA,KEEP
CONSULTING_10J00_LEAD_INDIV_SUM_I_FLG,NA,NA,KEEP
SOFTWARE_10A00_WON_LEAD_INDIV_SUM_I_FLG,NA,NA,KEEP
INFRASTRUCTURE_10C00_WON_LEAD_INDIV_SUM_I_FLG,NA,NA,KEEP
CONSULTING_10J00_WON_LEAD_INDIV_SUM_I_FLG,NA,NA,KEEP
SOFTWARE_10A00_WON_DTL_REVN_INDIV_SUM_I_FLG,SOFTWARE_10A00_WON_LEAD_INDIV_SUM_I_FLG,0.9739655655553705,DROP
INFRASTRUCTURE_10C00_WON_DTL_REVN_INDIV_SUM_I_FLG,INFRASTRUCTURE_10C00_WON_LEAD_INDIV_SUM_I_FLG,0.9794699574552775,DROP
CONSULTING_10J00_WON_DTL_REVN_INDIV_SUM_I_FLG,CONSULTING_10J00_WON_LEAD_INDIV_SUM_I_FLG,0.9858694624525451,DROP
SOFTWARE_10A00_INDIV_YIELD_I_FLG,SOFTWARE_10A00_WON_DTL_REVN_INDIV_SUM_I_FLG,0.9038148751075435,DROP
INFRASTRUCTURE_10C00_INDIV_YIELD_I_FLG,INFRASTRUCTURE_10C00_WON_DTL_REVN_INDIV_SUM_I_FLG,0.9106434785303135,DROP
CONSULTING_10J00_INDIV_YIELD_I_FLG,CONSULTING_10J00_WON_DTL_REVN_INDIV_SUM_I_FLG,0.9091026428405485,DROP
ALL_LEAD_INDIV_SUM_I,NA,NA,KEEP
ALL_WON_LEAD_INDIV_SUM_I,ALL_LEAD_INDIV_SUM_I,0.8519494245164337,DROP
ALL_WON_DTL_REVN_INDIV_SUM_I,NA,NA,KEEP
ALL_INDIV_YIELD_I,NA,NA,KEEP
OO_BP_LEAD_INDIV_SUM_I_FLG,NA,NA,KEEP
OO_BP_WON_DTL_REVN_INDIV_SUM_I_FLG,NA,NA,KEEP
OO_BP_INDIV_YIELD_I_FLG,OO_BP_WON_DTL_REVN_INDIV_SUM_I_FLG,0.9513974158256716,DROP
OO_FS_LEAD_INDIV_SUM_I,ALL_LEAD_INDIV_SUM_I,0.9764392302959055,DROP
OO_FS_WON_LEAD_INDIV_SUM_I,ALL_WON_LEAD_INDIV_SUM_I,0.970136903459858,DROP
OO_FS_WON_DTL_REVN_INDIV_SUM_I,ALL_WON_DTL_REVN_INDIV_SUM_I,0.9770453429187306,DROP
OO_FS_INDIV_YIELD_I,ALL_INDIV_YIELD_I,0.9031572705931394,DROP
OI_BP_LEAD_INDIV_SUM_I_FLG,NA,NA,KEEP
OI_BRAND_SALES_LEAD_INDIV_SUM_I,NA,NA,KEEP
OI_BRAND_SALES_WON_LEAD_INDIV_SUM_I_FLG,NA,NA,KEEP
OI_BRAND_SALES_WON_DTL_REVN_INDIV_SUM_I_FLG,OI_BRAND_SALES_WON_LEAD_INDIV_SUM_I_FLG,0.986166914319604,DROP
OI_BRAND_SALES_INDIV_YIELD_I_FLG,OI_BRAND_SALES_WON_DTL_REVN_INDIV_SUM_I_FLG,0.9179885869105024,DROP
OI_CLIENT_REP_LEAD_INDIV_SUM_I_FLG,NA,NA,KEEP
OI_CLIENT_REP_WON_LEAD_INDIV_SUM_I_FLG,NA,NA,KEEP
OI_CLIENT_REP_WON_DTL_REVN_INDIV_SUM_I_FLG,OI_CLIENT_REP_WON_LEAD_INDIV_SUM_I_FLG,0.9847952960033387,DROP
OI_CLIENT_REP_INDIV_YIELD_I_FLG,OI_CLIENT_REP_WON_DTL_REVN_INDIV_SUM_I_FLG,0.893815967407393,DROP
OI_DIGITAL_BRAND_SALES_LEAD_INDIV_SUM_I_FLG,NA,NA,KEEP
OI_DIGITAL_BRAND_SALES_INDIV_YIELD_I_FLG,NA,NA,KEEP
OI_SVCS_DELIVERY_LEAD_INDIV_SUM_I_FLG,NA,NA,KEEP
OI_TECH_SALES_LEAD_INDIV_SUM_I_FLG,NA,NA,KEEP
LDR_LEAD_INDIV_SUM_I,NA,NA,KEEP
LDR_WON_DTL_REVN_INDIV_SUM_I_FLG,NA,NA,KEEP
LDR_INDIV_YIELD_I_FLG,LDR_WON_DTL_REVN_INDIV_SUM_I_FLG,0.9465850085555231,DROP
PUB_CLOUD_153QH_LEAD_INDIV_SUM_I_FLG,NA,NA,KEEP
IBM_AUTO_15IGO_LEAD_INDIV_SUM_I_FLG,NA,NA,KEEP
DATA_AI_15ANP_LEAD_INDIV_SUM_I_FLG,NA,NA,KEEP
HYBRID_CLOUD_15CAI_LEAD_INDIV_SUM_I_FLG,NA,NA,KEEP
BUS_TRANS_15CPT_LEAD_INDIV_SUM_I_FLG,CONSULTING_10J00_LEAD_INDIV_SUM_I_FLG,0.8611570258099978,DROP
TECH_SUPP_15TSS_LEAD_INDIV_SUM_I_FLG,NA,NA,KEEP
SEC_SVC_15STS_LEAD_INDIV_SUM_I_FLG,NA,NA,KEEP
SEC_SW_15SCT_LEAD_INDIV_SUM_I_FLG,NA,NA,KEEP
STORAGE_15STT_LEAD_INDIV_SUM_I_FLG,NA,NA,KEEP
DATA_AI_15ANP_WON_LEAD_INDIV_SUM_I_FLG,NA,NA,KEEP
BUS_TRANS_15CPT_WON_LEAD_INDIV_SUM_I_FLG,NA,NA,KEEP
TECH_SUPP_15TSS_WON_LEAD_INDIV_SUM_I_FLG,NA,NA,KEEP
IBM_AUTO_15IGO_WON_DTL_REVN_INDIV_SUM_I_FLG,NA,NA,KEEP
DATA_AI_15ANP_WON_DTL_REVN_INDIV_SUM_I_FLG,DATA_AI_15ANP_WON_LEAD_INDIV_SUM_I_FLG,0.9669200908453474,DROP
BUS_TRANS_15CPT_WON_DTL_REVN_INDIV_SUM_I_FLG,BUS_TRANS_15CPT_WON_LEAD_INDIV_SUM_I_FLG,0.983855431082352,DROP
TECH_SUPP_15TSS_WON_DTL_REVN_INDIV_SUM_I_FLG,TECH_SUPP_15TSS_WON_LEAD_INDIV_SUM_I_FLG,0.9915561044401788,DROP
STORAGE_15STT_WON_DTL_REVN_INDIV_SUM_I_FLG,NA,NA,KEEP
IBM_AUTO_15IGO_INDIV_YIELD_I_FLG,IBM_AUTO_15IGO_WON_DTL_REVN_INDIV_SUM_I_FLG,0.919990780685215,DROP
DATA_AI_15ANP_INDIV_YIELD_I_FLG,DATA_AI_15ANP_WON_DTL_REVN_INDIV_SUM_I_FLG,0.9127295369473071,DROP
BUS_TRANS_15CPT_INDIV_YIELD_I_FLG,BUS_TRANS_15CPT_WON_DTL_REVN_INDIV_SUM_I_FLG,0.9141188740672379,DROP
TECH_SUPP_15TSS_INDIV_YIELD_I_FLG,TECH_SUPP_15TSS_WON_DTL_REVN_INDIV_SUM_I_FLG,0.9584747722219591,DROP
STORAGE_15STT_INDIV_YIELD_I_FLG,STORAGE_15STT_WON_DTL_REVN_INDIV_SUM_I_FLG,0.9256770218654585,DROP
DATA_TECH_TRNS_20J05_LEAD_INDIV_SUM_I_FLG,NA,NA,KEEP
TSS_MULTI_VEND_20G19_LEAD_INDIV_SUM_I_FLG,NA,NA,KEEP
TSS_LOGO_20G20_WON_DTL_REVN_INDIV_SUM_I_FLG,TECH_SUPP_15TSS_INDIV_YIELD_I_FLG,0.8677546977946233,DROP
TSS_LOGO_20G20_INDIV_YIELD_I_FLG,TECH_SUPP_15TSS_INDIV_YIELD_I_FLG,0.8936442366473805,DROP
INTR_MISC_COMP_FLG,NA,NA,KEEP
INTR_CONS_COMP_FLG,INTR_MISC_COMP_FLG,0.8766995601621344,DROP
INTR_SOFT_COMP_FLG,INTR_CONS_COMP_FLG,0.8913413246486676,DROP
INTR_INFR_COMP_FLG,INTR_CONS_COMP_FLG,0.8552982543362483,DROP
INTR_MISC_COMP_CNT,NA,NA,KEEP
INTR_CONS_COMP_CNT,NA,NA,KEEP
INTR_SOFT_COMP_CNT,NA,NA,KEEP
INTR_INFR_COMP_CNT,NA,NA,KEEP
INTR_15STT_COMP_FLG,INTR_CONS_COMP_FLG,0.853748094084963,DROP
INTR_15ISS_COMP_FLG,INTR_15STT_COMP_FLG,0.8638520213527894,DROP
INTR_15SCT_COMP_FLG,INTR_15ISS_COMP_FLG,0.8808869825506471,DROP
INTR_15PHW_COMP_FLG,INTR_15ISS_COMP_FLG,0.856436548962221,DROP
INTR_15ANP_COMP_FLG,INTR_15ISS_COMP_FLG,0.8878735928443248,DROP
INTR_15WCGE_COMP_FLG,INTR_15ANP_COMP_FLG,0.8844708061601602,DROP
INTR_15CPT_COMP_FLG,INTR_15ANP_COMP_FLG,0.8756061782734741,DROP
INTR_15WTH_COMP_FLG,INTR_15ANP_COMP_FLG,0.8888331085403077,DROP
INTR_15MHW_COMP_FLG,INTR_15ANP_COMP_FLG,0.8789908969922531,DROP
INTR_15EDG_COMP_FLG,INTR_15ANP_COMP_FLG,0.8804288570055977,DROP
INTR_15STS_COMP_FLG,INTR_15ANP_COMP_FLG,0.8858108493914908,DROP
INTR_15MFT_COMP_FLG,INTR_15ANP_COMP_FLG,0.8888885308198982,DROP
INTR_153QH_COMP_FLG,INTR_15ANP_COMP_FLG,0.8842809230440057,DROP
INTR_15ITT_COMP_FLG,INTR_153QH_COMP_FLG,0.8765041422479544,DROP
INTR_15IGO_COMP_FLG,INTR_153QH_COMP_FLG,0.8848673137722896,DROP
INTR_15MSC_COMP_FLG,INTR_153QH_COMP_FLG,0.8754646917172014,DROP
INTR_15STT_COMP_CNT,NA,NA,KEEP
INTR_15ISS_COMP_CNT,NA,NA,KEEP
INTR_15SCT_COMP_CNT,NA,NA,KEEP
INTR_15PHW_COMP_CNT,NA,NA,KEEP
INTR_15ANP_COMP_CNT,NA,NA,KEEP
INTR_15WCGE_COMP_CNT,NA,NA,KEEP
INTR_15CPT_COMP_CNT,INTR_CONS_COMP_CNT,0.9589279844713028,DROP
INTR_15WTH_COMP_CNT,NA,NA,KEEP
INTR_15MHW_COMP_CNT,NA,NA,KEEP
INTR_15EDG_COMP_CNT,NA,NA,KEEP
INTR_15STS_COMP_CNT,NA,NA,KEEP
INTR_15MFT_COMP_CNT,NA,NA,KEEP
INTR_153QH_COMP_CNT,NA,NA,KEEP
INTR_15ITT_COMP_CNT,NA,NA,KEEP
INTR_15IGO_COMP_CNT,INTR_SOFT_COMP_CNT,0.9335293426552874,DROP
INTR_15MSC_COMP_CNT,INTR_MISC_COMP_CNT,0.9999199777451464,DROP
INTR_20A0K_COMP_FLG,INTR_153QH_COMP_FLG,0.8789849060629578,DROP
INTR_20A0M_COMP_FLG,INTR_153QH_COMP_FLG,0.8953584350591192,DROP
INTR_20A0N_COMP_FLG,INTR_153QH_COMP_FLG,0.8855595158172708,DROP
INTR_20A0O_COMP_FLG,INTR_153QH_COMP_FLG,0.8848083175665895,DROP
INTR_20A0V_COMP_FLG,INTR_153QH_COMP_FLG,0.8752691162158802,DROP
INTR_20A0W_COMP_FLG,INTR_153QH_COMP_FLG,0.8819769131868237,DROP
INTR_20A0X_COMP_FLG,INTR_153QH_COMP_FLG,0.8943810318633326,DROP
INTR_20A0Y_COMP_FLG,INTR_153QH_COMP_FLG,0.8817028654992252,DROP
INTR_20A11_COMP_FLG,INTR_153QH_COMP_FLG,0.8619464116327935,DROP
INTR_20A46_COMP_FLG,INTR_153QH_COMP_FLG,0.9214877084959613,DROP
INTR_20AJ5_COMP_FLG,INTR_153QH_COMP_FLG,0.8862778260751965,DROP
INTR_20APO_COMP_FLG,INTR_153QH_COMP_FLG,0.8961977689934104,DROP
INTR_20ATC_COMP_FLG,INTR_153QH_COMP_FLG,0.86019329655698,DROP
INTR_20AU4_COMP_FLG,INTR_153QH_COMP_FLG,0.8701601213099054,DROP
INTR_20B0E_COMP_FLG,INTR_153QH_COMP_FLG,0.8760260644919402,DROP
INTR_20B14_COMP_FLG,INTR_153QH_COMP_FLG,0.8893700539593855,DROP
INTR_20B17_COMP_FLG,INTR_153QH_COMP_FLG,0.8591422952489032,DROP
INTR_20B1A_COMP_FLG,INTR_153QH_COMP_FLG,0.8809540947409995,DROP
INTR_20B1J_COMP_FLG,INTR_153QH_COMP_FLG,0.8779039152224285,DROP
INTR_20B2L_COMP_FLG,INTR_153QH_COMP_FLG,0.8791608136358927,DROP
INTR_20B2M_COMP_FLG,INTR_153QH_COMP_FLG,0.8767065276195256,DROP
INTR_20B2O_COMP_FLG,INTR_153QH_COMP_FLG,0.8730696934179485,DROP
INTR_20B2P_COMP_FLG,INTR_153QH_COMP_FLG,0.8764598242547513,DROP
INTR_20BEQ_COMP_FLG,INTR_153QH_COMP_FLG,0.887243428427376,DROP
INTR_20C07_COMP_FLG,INTR_153QH_COMP_FLG,0.8674961251872891,DROP
INTR_20C09_COMP_FLG,INTR_153QH_COMP_FLG,0.8926747853223633,DROP
INTR_20C0H_COMP_FLG,INTR_153QH_COMP_FLG,0.8731657370871478,DROP
INTR_20C0M_COMP_FLG,INTR_153QH_COMP_FLG,0.8645228987481745,DROP
INTR_20C0R_COMP_FLG,INTR_153QH_COMP_FLG,0.8750681339786951,DROP
INTR_20CCM_COMP_FLG,INTR_15ANP_COMP_FLG,0.8595483811524821,DROP
INTR_20COP_COMP_FLG,INTR_153QH_COMP_FLG,0.86468991166723,DROP
INTR_20CSN_COMP_FLG,INTR_153QH_COMP_FLG,0.8749084470028733,DROP
INTR_20D03_COMP_FLG,INTR_153QH_COMP_FLG,0.9274151481220494,DROP
INTR_20D0C_COMP_FLG,INTR_153QH_COMP_FLG,0.9017362141979355,DROP
INTR_20D0D_COMP_FLG,INTR_153QH_COMP_FLG,0.9149708659742394,DROP
INTR_20D0F_COMP_FLG,INTR_153QH_COMP_FLG,0.9215571021766256,DROP
INTR_20F02_COMP_FLG,INTR_153QH_COMP_FLG,0.8726575268844863,DROP
INTR_20F03_COMP_FLG,INTR_153QH_COMP_FLG,0.8722510618525117,DROP
INTR_20GKU_COMP_FLG,INTR_153QH_COMP_FLG,0.8734161904502156,DROP
INTR_20J10_COMP_FLG,INTR_153QH_COMP_FLG,0.8683981661546079,DROP
INTR_20NYE_COMP_FLG,INTR_153QH_COMP_FLG,0.8706417261728083,DROP
INTR_20A0K_COMP_CNT,NA,NA,KEEP
INTR_20A0M_COMP_CNT,NA,NA,KEEP
INTR_20A0N_COMP_CNT,NA,NA,KEEP
INTR_20A0O_COMP_CNT,NA,NA,KEEP
INTR_20A0V_COMP_CNT,NA,NA,KEEP
INTR_20A0W_COMP_CNT,NA,NA,KEEP
INTR_20A0X_COMP_CNT,INTR_15IGO_COMP_CNT,0.92987289118468,DROP
INTR_20A0Y_COMP_CNT,INTR_15IGO_COMP_CNT,0.8645481327473562,DROP
INTR_20A11_COMP_CNT,NA,NA,KEEP
INTR_20A46_COMP_CNT,NA,NA,KEEP
INTR_20AJ5_COMP_CNT,NA,NA,KEEP
INTR_20APO_COMP_CNT,NA,NA,KEEP
INTR_20AU4_COMP_CNT,NA,NA,KEEP
INTR_20B0E_COMP_CNT,NA,NA,KEEP
INTR_20B14_COMP_CNT,NA,NA,KEEP
INTR_20B17_COMP_CNT,NA,NA,KEEP
INTR_20B1A_COMP_CNT,NA,NA,KEEP
INTR_20B1J_COMP_CNT,NA,NA,KEEP
INTR_20B2L_COMP_CNT,NA,NA,KEEP
INTR_20B2M_COMP_CNT,NA,NA,KEEP
INTR_20B2O_COMP_CNT,NA,NA,KEEP
INTR_20B2P_COMP_CNT,NA,NA,KEEP
INTR_20BEQ_COMP_CNT,NA,NA,KEEP
INTR_20C07_COMP_CNT,INTR_15MHW_COMP_CNT,0.8691708073010203,DROP
INTR_20C09_COMP_CNT,NA,NA,KEEP
INTR_20C0H_COMP_CNT,NA,NA,KEEP
INTR_20C0M_COMP_CNT,NA,NA,KEEP
INTR_20C0R_COMP_CNT,NA,NA,KEEP
INTR_20CCM_COMP_CNT,NA,NA,KEEP
INTR_20COP_COMP_CNT,NA,NA,KEEP
INTR_20CSN_COMP_CNT,INTR_15STT_COMP_CNT,0.8968081154004907,DROP
INTR_20D03_COMP_CNT,NA,NA,KEEP
INTR_20D0D_COMP_CNT,NA,NA,KEEP
INTR_20D0F_COMP_CNT,NA,NA,KEEP
INTR_20F02_COMP_CNT,NA,NA,KEEP
INTR_20F03_COMP_CNT,INTR_15MSC_COMP_CNT,0.9169396306059225,DROP
INTR_20GKU_COMP_CNT,NA,NA,KEEP
INTR_20J10_COMP_CNT,NA,NA,KEEP
INTR_20NYE_COMP_CNT,INTR_15SCT_COMP_CNT,0.9222053684909877,DROP
INTR_10MISC_INDIV_FLG,NA,NA,KEEP
INTR_10SOFT_INDIV_FLG,INTR_10MISC_INDIV_FLG,0.9105246441315941,DROP
INTR_10INFR_INDIV_FLG,INTR_10MISC_INDIV_FLG,0.8788993720263653,DROP
INTR_10MISC_INDIV_CNT,NA,NA,KEEP
INTR_10SOFT_INDIV_CNT,NA,NA,KEEP
INTR_10INFR_INDIV_CNT,NA,NA,KEEP
INTR_15STT_INDIV_FLG,INTR_10INFR_INDIV_FLG,0.9611102823706587,DROP
INTR_15SCT_INDIV_FLG,INTR_10INFR_INDIV_FLG,0.8732328689279442,DROP
INTR_15ANP_INDIV_FLG,INTR_10INFR_INDIV_FLG,0.8593759670391073,DROP
INTR_15WCGE_INDIV_FLG,INTR_10INFR_INDIV_FLG,0.9126785464650286,DROP
INTR_15STS_INDIV_FLG,INTR_10INFR_INDIV_FLG,0.9043061909933748,DROP
INTR_153QH_INDIV_FLG,INTR_10INFR_INDIV_FLG,0.9097661917335061,DROP
INTR_15ITT_INDIV_FLG,INTR_10INFR_INDIV_FLG,0.8904257463005425,DROP
INTR_15IGO_INDIV_FLG,INTR_10INFR_INDIV_FLG,0.8632090205340722,DROP
INTR_15MSC_INDIV_FLG,INTR_10INFR_INDIV_FLG,0.8790459944937776,DROP
INTR_15SCT_INDIV_CNT,NA,NA,KEEP
INTR_15ANP_INDIV_CNT,NA,NA,KEEP
INTR_15IGO_INDIV_CNT,NA,NA,KEEP
INTR_20A0K_INDIV_FLG,INTR_10INFR_INDIV_FLG,0.9058183303713939,DROP
INTR_20A0M_INDIV_FLG,INTR_10INFR_INDIV_FLG,0.9007826851564005,DROP
INTR_20A0O_INDIV_FLG,INTR_10INFR_INDIV_FLG,0.8913854188683205,DROP
INTR_20A0V_INDIV_FLG,INTR_10INFR_INDIV_FLG,0.90428498957667,DROP
INTR_20A0W_INDIV_FLG,INTR_10INFR_INDIV_FLG,0.8894778081957525,DROP
INTR_20A0X_INDIV_FLG,INTR_10INFR_INDIV_FLG,0.8977363324528959,DROP
INTR_20A0Y_INDIV_FLG,INTR_10INFR_INDIV_FLG,0.8811589815565799,DROP
INTR_20B14_INDIV_FLG,INTR_10INFR_INDIV_FLG,0.9014813389952521,DROP
INTR_20F03_INDIV_FLG,INTR_10INFR_INDIV_FLG,0.8951723751458263,DROP
INTR_20NYE_INDIV_FLG,INTR_10INFR_INDIV_FLG,0.884461016446975,DROP
DX2SPSSST_CD_FLG,NA,NA,KEEP
UT15_CODE_153QH_FLG,NA,NA,KEEP
DEVICE_TYPE_M_FLG,DX2SPSSST_CD_FLG,0.9165418475325035,DROP
UT15_CODE_15IGO_FLG,NA,NA,KEEP
UT15_CODE_15SCT_FLG,NA,NA,KEEP
UT15_CODE_15ANP_FLG,NA,NA,KEEP
UT15_CODE_G1500,NA,NA,KEEP
UT10_CODE_10A00,NA,NA,KEEP
UT10_CODE_G0000,UT15_CODE_G1500,0.8804121128969011,DROP
DEVICE_TYPE_D,NA,NA,KEEP
WEB_VISIT_CNT,DEVICE_TYPE_D,0.9968046729748364,DROP
PAGE_VIEW_CNT,DEVICE_TYPE_D,0.9228293191424375,DROP
