FIELD,meanImp,medianImp,minImp,maxImp,normHits,decision,type,index,TARGET_10A00,TARGET_10B00,TARGET_10C00,TARGET_10G00_10J00,TARGET_10H00,TARGET_10L00,TARGET_10N00,MAX ABS CORR,FINAL
CLOUDPLATFORMSVCS_10A00_LEAD_COMP_SUM_C,144.0,144.5,132.8,149.8,1,Tentative,PIPE COMP,2,9%,-4%,-6%,4%,1%,-1%,-7%,9%,KEEP
DEV_SVC_20D0F_LEAD_COMP_SUM_C_FLG,114.5,112.7,106.6,123.2,1,Confirmed,FLG,FLG,5%,-2%,-6%,5%,2%,-1%,-5%,6%,KEEP
CLOUDPLATFORMSVCS_10A00_LEAD_INDIV_SUM_I,96.9,96.9,91.8,101.5,1,Tentative,PIPE INDIV,4,15%,-3%,-5%,-3%,-2%,-2%,-6%,15%,KEEP
PUB_CLOUD_153QH_LEAD_INDIV_SUM_I_FLG,94.4,94.4,87.9,101.7,1,Confirmed,FLG,FLG,9%,-2%,-3%,-2%,-1%,-1%,-3%,9%,KEEP
DATA_AI_15ANP_LEAD_INDIV_SUM_I_FLG,86.5,86.3,79.8,90.1,1,Confirmed,FLG,FLG,16%,-4%,-5%,-4%,-2%,-2%,-6%,16%,KEEP
LDR_LEAD_COMP_SUM_C,85.4,85.6,80.9,90.5,1,Tentative,PIPE COMP,3,-1%,-2%,-5%,6%,0%,0%,0%,6%,KEEP
CLD_INTR_DEV_20A0W_LEAD_COMP_SUM_C,86.4,85.4,82.1,93.0,1,Tentative,PIPE COMP,1,6%,-3%,-4%,4%,0%,-1%,-5%,6%,KEEP
ALL_WON_DTL_REVN_COMP_SUM_C,74.3,74.0,68.1,78.9,1,Tentative,PIPE COMP,1,-3%,-3%,-3%,11%,2%,-1%,-5%,11%,KEEP
VMWARE_20D0D_LEAD_COMP_SUM_C_FLG,71.1,70.9,66.2,76.9,1,Confirmed,FLG,FLG,3%,-3%,-3%,4%,2%,-1%,-4%,4%,DROP
OO_BP_LEAD_COMP_SUM_C,69.6,70.2,65.7,73.8,1,Tentative,PIPE COMP,3,1%,-4%,6%,0%,1%,-2%,-5%,6%,KEEP
CLD_PLATF_20A0X_LEAD_COMP_SUM_C,70.6,69.2,67.7,74.7,1,Tentative,PIPE COMP,1,5%,-3%,-3%,4%,0%,-1%,-5%,5%,KEEP
ALL_LEAD_COMP_SUM_C,66.0,66.3,62.9,69.6,1,Tentative,PIPE COMP,1,-3%,-4%,-4%,14%,2%,-1%,-6%,14%,KEEP
CLD_OBJ_STR_20D0E_LEAD_COMP_SUM_C_FLG,65.6,65.5,60.2,70.3,1,Confirmed,FLG,FLG,1%,-2%,-2%,3%,0%,0%,-3%,3%,DROP
OI_CLIENT_REP_LEAD_COMP_SUM_C,65.0,64.2,63.3,69.8,1,Tentative,PIPE COMP,3,-2%,-4%,-4%,14%,2%,-2%,-6%,14%,KEEP
IBM_AUTO_15IGO_LEAD_INDIV_SUM_I_FLG,62.8,62.7,60.1,66.6,1,Confirmed,FLG,FLG,11%,-3%,-3%,-2%,-2%,-2%,-4%,11%,KEEP
PUB_CLOUD_153QH_LEAD_COMP_SUM_C,62.0,62.2,57.5,63.5,1,Tentative,PIPE COMP,3,8%,-3%,-6%,4%,2%,-1%,-6%,8%,KEEP
ALL_OTHER_UT20_15IGO_LEAD_COMP_SUM_C_FLG,62.9,62.2,58.3,68.6,1,Confirmed,FLG,FLG,2%,-2%,-2%,4%,1%,-1%,-3%,4%,DROP
UT10_CODE_10A00,60.6,60.8,56.8,65.0,1,Tentative,LAST TOUCH,1,10%,-2%,-1%,-4%,0%,-1%,-4%,10%,KEEP
P_SCORE_NEW,57.8,57.8,54.2,60.4,1,Tentative,OTHER,1,8%,2%,-3%,-3%,-6%,0%,-1%,8%,KEEP
ALL_COMP_YIELD_C,57.6,57.1,55.2,60.4,1,Tentative,PIPE COMP,1,-7%,1%,-7%,11%,6%,0%,-2%,11%,KEEP
OI_TECH_SALES_LEAD_COMP_SUM_C,55.5,55.9,52.5,58.8,1,Tentative,PIPE COMP,3,1%,-3%,0%,4%,0%,-1%,-5%,5%,KEEP
GTS_10G00_LEAD_COMP_SUM_C,53.9,54.1,49.9,56.6,1,Tentative,PIPE COMP,2,-5%,-5%,-1%,15%,1%,-2%,-7%,15%,KEEP
BLOCKCHAIN_20B17_LEAD_COMP_SUM_C_FLG,52.1,52.4,49.0,55.0,1,Confirmed,FLG,FLG,0%,-1%,-2%,4%,1%,-1%,-2%,4%,DROP
CHN_NM_DI_COMP_CNT_1YR,52.9,52.3,48.4,57.7,1,Tentative,CHANNEL,0,2%,-3%,-2%,4%,3%,0%,-4%,4%,KEEP
CLD_MGMT_20APO_LEAD_COMP_SUM_C,52.0,51.9,49.6,55.4,1,Tentative,PIPE COMP,1,3%,-3%,-3%,5%,0%,-1%,-5%,5%,KEEP
OI_BP_LEAD_COMP_SUM_C,51.9,51.7,49.3,58.4,1,Tentative,PIPE COMP,3,1%,-5%,3%,3%,0%,-2%,-5%,5%,DROP
GBS_10J00_LEAD_COMP_SUM_C,51.5,51.7,48.9,53.5,1,Tentative,PIPE COMP,2,-5%,-3%,-8%,19%,1%,-2%,-6%,19%,KEEP
BJ_ADP_COMP_CNT_1YR_FLG,51.8,51.3,50.2,54.7,1,Confirmed,FLG,FLG,-4%,-2%,2%,2%,3%,0%,0%,4%,DROP
CLD_DB_20D03_LEAD_COMP_SUM_C_FLG,51.2,51.2,48.5,54.1,1,Confirmed,FLG,FLG,2%,-1%,-2%,2%,0%,-1%,-2%,2%,DROP
ALL_OTHER_UT15_LEAD_COMP_SUM_C_FLG,48.1,48.1,44.3,50.9,1,Confirmed,FLG,FLG,1%,-2%,-3%,6%,2%,-1%,-4%,6%,DROP
ALL_OTHER_UT20_15ANP_LEAD_COMP_SUM_C,47.8,47.6,45.8,49.7,1,Tentative,PIPE COMP,1,3%,-3%,-3%,4%,1%,-1%,-4%,4%,DROP
VMWARE_20D0D_COMP_YIELD_C,47.3,47.1,45.3,50.4,1,Tentative,PIPE COMP,4,2%,-2%,-3%,3%,2%,0%,-3%,3%,KEEP
COG_SYS_15PHW_LEAD_COMP_SUM_C,46.7,47.1,43.2,49.3,1,Tentative,PIPE COMP,2,-5%,-5%,12%,3%,1%,-2%,-8%,12%,KEEP
BUS_AREA_NAME_BIN_B,47.1,46.8,45.1,51.2,1,Tentative,BUS_AREA_NAME,CAT,-12%,0%,7%,-3%,0%,1%,10%,12%,KEEP
DEVICE_TYPE_M_FLG,45.5,45.3,43.1,50.2,1,Confirmed,FLG,FLG,4%,-2%,3%,-4%,1%,-2%,-2%,4%,KEEP
REGULATORY_20AU4_LEAD_COMP_SUM_C,44.5,45.0,42.3,46.2,1,Tentative,PIPE COMP,3,3%,-2%,-3%,4%,0%,-1%,-3%,4%,KEEP
SYSTEMS_10C00_LEAD_COMP_SUM_C,44.3,44.6,41.5,46.3,1,Tentative,PIPE COMP,4,-5%,-6%,12%,4%,1%,-2%,-8%,12%,KEEP
SEC_THREAT_MGMT_INFRS_20B0Z_LEAD_COMP_SUM_C_FLG,43.4,43.6,41.4,45.4,1,Confirmed,FLG,FLG,0%,-2%,-3%,3%,1%,-1%,2%,3%,DROP
OI_TECH_SUPP_LEAD_COMP_SUM_C,43.2,43.1,41.4,47.0,1,Tentative,PIPE COMP,3,1%,-1%,-3%,6%,1%,-2%,-4%,6%,KEEP
ALL_OTHER_UT20_15ISS_LEAD_COMP_SUM_C_FLG,42.2,42.2,38.6,45.3,1,Confirmed,FLG,FLG,-1%,-1%,-4%,6%,2%,-1%,-2%,6%,DROP
BJ_TRY_COMP_CNT_1YR,42.5,42.2,40.4,46.8,1,Tentative,BJ,0,2%,-2%,0%,1%,0%,1%,-3%,3%,KEEP
Z_TRANS_INTGR_20C03_LEAD_COMP_SUM_C_FLG,41.8,42.0,38.0,45.7,1,Confirmed,FLG,FLG,-1%,-3%,2%,4%,1%,-1%,-4%,4%,DROP
SEC_RES_PRJ_SVC_20GWT_LEAD_COMP_SUM_C_FLG,41.0,41.2,38.7,43.1,1,Confirmed,FLG,FLG,-2%,-3%,-5%,8%,2%,-1%,-1%,8%,KEEP
OI_DIGITAL_COVERAGE_SALES_LEAD_COMP_SUM_C,41.5,41.1,39.4,44.4,1,Tentative,PIPE COMP,3,0%,1%,-1%,2%,1%,-1%,-3%,3%,KEEP
SEC_RES_MANAGE_SVC_20G90_LEAD_COMP_SUM_C_FLG,40.0,40.4,37.1,42.3,1,Confirmed,FLG,FLG,-1%,-2%,-4%,6%,1%,-1%,0%,6%,KEEP
UT20_OFFER_20A0O_COMP_CNT_1YR,39.1,39.3,35.6,44.4,1,Tentative,OFFER,1,4%,-1%,-2%,0%,1%,1%,-3%,4%,KEEP
CHN_NM_EV_COMP_CNT_1YR,38.2,38.9,30.3,41.6,1,Tentative,CHANNEL,0,2%,-3%,-1%,4%,1%,-1%,-4%,4%,DROP
STOR_NETW_20C0F_LEAD_COMP_SUM_C_FLG,39.0,38.9,37.2,41.3,1,Confirmed,FLG,FLG,-5%,-5%,10%,3%,1%,-2%,-6%,10%,KEEP
OO_FS_COMP_YIELD_C,39.0,38.5,36.8,43.1,1,Tentative,PIPE COMP,3,-6%,1%,-9%,11%,5%,0%,0%,11%,KEEP
ENTR_CLD_STRAT_20JHE_LEAD_COMP_SUM_C_FLG,38.3,38.3,35.1,41.3,1,Confirmed,FLG,FLG,-2%,-3%,-6%,13%,0%,-2%,-4%,13%,KEEP
COMP_TECH_20C02_LEAD_COMP_SUM_C_FLG,37.8,37.9,34.4,41.4,1,Confirmed,FLG,FLG,-1%,-3%,2%,3%,2%,-1%,-3%,3%,DROP
INTR_CDPCOMP_CNT,37.6,37.8,35.4,39.5,1,Tentative,INTR,0,2%,0%,-2%,0%,1%,1%,-2%,2%,DROP
WAT_MRKT_15WCG_LEAD_COMP_SUM_C_FLG,38.0,37.6,36.1,41.0,1,Confirmed,FLG,FLG,0%,0%,-2%,3%,2%,0%,-3%,3%,DROP
Z_IT_MGMT_20C05_LEAD_COMP_SUM_C_FLG,37.2,37.5,33.7,39.1,1,Confirmed,FLG,FLG,0%,-3%,3%,2%,1%,-1%,-3%,3%,DROP
OI_MARKETING_LEAD_COMP_SUM_C,36.8,37.3,35.0,37.6,1,Tentative,PIPE COMP,3,1%,0%,-1%,2%,0%,2%,-3%,3%,KEEP
OO_TC_LEAD_COMP_SUM_C_FLG,36.8,36.5,35.4,39.9,1,Confirmed,FLG,FLG,2%,-1%,-1%,1%,-1%,0%,0%,2%,DROP
INFR_SVC_15ISS_LEAD_COMP_SUM_C,34.9,35.4,31.5,36.6,1,Tentative,PIPE COMP,3,-1%,-3%,-7%,10%,2%,-1%,-2%,10%,DROP
CLOUD_SEC_RES_20G7C_LEAD_COMP_SUM_C_FLG,35.3,35.3,31.4,39.8,1,Confirmed,FLG,FLG,-1%,-2%,-5%,7%,1%,-1%,-1%,7%,KEEP
Z_OS_20C09_LEAD_COMP_SUM_C_FLG,35.2,35.1,32.4,38.4,1,Confirmed,FLG,FLG,-1%,-2%,3%,2%,0%,-1%,-3%,3%,DROP
UT10_OFFER_CNDP_INDIV_CNT_1YR,34.3,34.5,31.6,38.8,1,Tentative,OFFER,1,2%,-4%,2%,0%,1%,-1%,-3%,4%,DROP
DAS_20B1J_LEAD_COMP_SUM_C_FLG,33.9,33.7,31.3,37.1,1,Confirmed,FLG,FLG,-2%,-2%,-4%,7%,0%,-1%,1%,7%,KEEP
COGAPP_10B00_LEAD_COMP_SUM_C,33.5,33.7,31.5,34.7,1,Tentative,PIPE COMP,2,-2%,15%,-7%,4%,1%,0%,-6%,15%,KEEP
MULTICLOUD_MGMT_20GKU_LEAD_COMP_SUM_C_FLG,33.6,33.7,30.2,37.9,1,Confirmed,FLG,FLG,0%,-1%,-3%,5%,0%,-1%,-2%,5%,DROP
SYSTEMS_10C00_COMP_YIELD_C,33.0,33.7,28.3,34.4,1,Tentative,PIPE COMP,4,-8%,-7%,12%,5%,6%,-2%,-9%,12%,KEEP
POWERAI_20C0R_LEAD_COMP_SUM_C_FLG,33.2,33.4,31.1,35.5,1,Confirmed,FLG,FLG,-2%,-3%,7%,2%,-1%,0%,-5%,7%,KEEP
TALENT_MGMT_15TMS_LEAD_COMP_SUM_C,33.2,33.2,30.7,35.4,1,Tentative,PIPE COMP,4,-2%,10%,-3%,1%,1%,0%,-3%,10%,KEEP
INTR_SYS_COMP_FLG,32.7,32.8,29.7,35.8,1,Confirmed,FLG,FLG,1%,-3%,-1%,2%,3%,1%,-3%,3%,DROP
TSS_MULTI_VEND_20G19_LEAD_COMP_SUM_C,32.5,32.7,30.0,34.4,1,Tentative,PIPE COMP,4,-5%,-5%,-2%,15%,1%,-2%,-6%,15%,KEEP
INTR_CGAP_COMP_CNT,32.8,32.7,31.1,34.3,1,Tentative,INTR,0,2%,0%,-2%,0%,1%,0%,-1%,2%,DROP
Z_DEV_OPS_20C01_LEAD_COMP_SUM_C_FLG,32.2,32.6,30.1,34.3,1,Confirmed,FLG,FLG,0%,-3%,1%,3%,1%,-1%,-3%,3%,DROP
INTR_CDPCOMP_FLG,32.5,32.5,29.8,34.7,1,Confirmed,FLG,FLG,4%,-1%,-5%,0%,4%,2%,-1%,5%,KEEP
OI_BRAND_SALES_COMP_YIELD_C,32.7,32.4,31.2,35.1,1,Tentative,PIPE COMP,3,-6%,-6%,-3%,16%,6%,2%,-9%,16%,KEEP
IBM_GBL_IMT_DSCR_NORTH_AMERICA,32.2,32.3,30.8,33.6,1,Tentative,GEO,CAT,2%,12%,-10%,-16%,2%,9%,17%,17%,KEEP
STOR_HYB_CLD_20COP_LEAD_COMP_SUM_C,31.9,32.2,30.1,33.5,1,Tentative,PIPE COMP,3,-7%,-6%,15%,3%,0%,-2%,-7%,15%,DROP
OI_TECH_SALES_WON_DTL_REVN_COMP_SUM_C,32.8,32.1,30.9,35.4,1,Tentative,PIPE COMP,3,-1%,-2%,1%,4%,1%,-1%,-3%,4%,KEEP
ENTR_APP_SAP_20JII_LEAD_COMP_SUM_C_FLG,31.9,31.8,28.9,34.9,1,Confirmed,FLG,FLG,-4%,-2%,-6%,13%,1%,-1%,-4%,13%,KEEP
THREAT_MGMT_SVC_20B1I_LEAD_COMP_SUM_C_FLG,31.4,31.7,27.8,33.8,1,Confirmed,FLG,FLG,-2%,-3%,-3%,4%,0%,-1%,4%,4%,DROP
GBS_10J00_LEAD_INDIV_SUM_I_FLG,31.5,31.6,29.9,33.1,1,Confirmed,FLG,FLG,-4%,-2%,-6%,15%,-1%,-1%,-4%,15%,KEEP
ALL_OTHER_UT20_15ITT_LEAD_COMP_SUM_C_FLG,31.7,31.6,29.6,34.3,1,Confirmed,FLG,FLG,0%,2%,-3%,3%,1%,0%,-2%,3%,DROP
LDR_WON_DTL_REVN_COMP_SUM_C,31.1,31.5,28.9,33.3,1,Tentative,PIPE COMP,3,-2%,-2%,-1%,6%,2%,-1%,-4%,6%,KEEP
BJ_BUY_INDIV_CNT_1YR_FLG,31.9,31.4,30.4,33.6,1,Confirmed,FLG,FLG,-4%,-5%,4%,3%,3%,-1%,-1%,5%,DROP
CLOUD_SEC_COMPLIANCE_20G3U_LEAD_COMP_SUM_C_FLG,30.9,31.2,29.6,32.1,1,Confirmed,FLG,FLG,-1%,-2%,-3%,5%,1%,-1%,-1%,5%,DROP
IAM_20B1L_LEAD_COMP_SUM_C_FLG,31.0,31.1,28.8,32.5,1,Confirmed,FLG,FLG,-1%,-2%,-3%,4%,0%,-1%,2%,4%,DROP
OO_BP_COMP_YIELD_C,30.9,31.1,27.3,33.5,1,Tentative,PIPE COMP,3,-4%,-1%,6%,2%,6%,-1%,-7%,7%,DROP
OO_BP_WON_DTL_REVN_COMP_SUM_C,31.1,31.0,29.1,33.4,1,Tentative,PIPE COMP,3,-1%,-3%,2%,3%,3%,-1%,-4%,4%,KEEP
HYB_CLD_SEC_20J2O_LEAD_COMP_SUM_C_FLG,30.8,31.0,28.9,32.9,1,Confirmed,FLG,FLG,-2%,-3%,-5%,12%,0%,-2%,-3%,12%,KEEP
PAGE_VIEW_CNT,30.7,30.9,27.6,33.6,1,Tentative,OTHER,1,1%,-1%,3%,-2%,2%,-2%,-2%,3%,KEEP
CHANNEL_TYPE_VR_LP_HYB,31.0,30.8,29.3,32.7,1,Tentative,CHANNEL NAME / TYPE,CAT,9%,-1%,0%,-4%,-5%,-1%,-2%,9%,KEEP
SYSTEMS_10C00_WON_DTL_REVN_COMP_SUM_C,30.5,30.8,27.6,33.8,1,Tentative,PIPE COMP,4,-2%,-3%,3%,4%,1%,-1%,-4%,4%,KEEP
TRAD_DIST_STOR_20C0M_LEAD_COMP_SUM_C_FLG,31.1,30.8,29.6,32.9,1,Confirmed,FLG,FLG,-4%,-4%,7%,3%,1%,-2%,-4%,7%,KEEP
INTR_20B2P_COMP_CNT,31.0,30.7,27.5,34.0,1,Tentative,INTR,1,2%,0%,-1%,0%,1%,0%,-2%,2%,DROP
GBS_10J00_WON_DTL_REVN_COMP_SUM_C,30.3,30.7,25.7,34.0,1,Tentative,PIPE COMP,2,-4%,-3%,-7%,16%,2%,-1%,-5%,16%,KEEP
WAT_MRKT_15WCG_COMP_YIELD_C,30.9,30.7,29.5,33.4,1,Tentative,PIPE COMP,4,0%,0%,-2%,3%,2%,-1%,-3%,3%,DROP
OI_TECH_SUPP_WON_DTL_REVN_COMP_SUM_C,30.7,30.7,29.3,32.6,1,Tentative,PIPE COMP,3,1%,-1%,-2%,5%,0%,-1%,-4%,5%,KEEP
UT10_CODE_10C00,31.0,30.7,29.4,33.0,1,Tentative,LAST TOUCH,1,-3%,-3%,9%,0%,2%,-1%,-4%,9%,KEEP
DATA_TECH_TRNS_20J05_LEAD_COMP_SUM_C,30.6,30.6,29.2,31.6,1,Tentative,PIPE COMP,2,-4%,-1%,-6%,14%,0%,-1%,-5%,14%,KEEP
CHANNEL_NAME_DIGITAL_INBOUND,30.2,30.6,27.1,31.7,1,Tentative,CHANNEL NAME / TYPE,CAT,-1%,2%,1%,-4%,3%,1%,1%,4%,DROP
ENTR_APP_MGMT_CLD_20JEK_LEAD_COMP_SUM_C_FLG,30.8,30.6,29.1,33.8,1,Confirmed,FLG,FLG,-3%,-2%,-5%,12%,1%,-1%,-3%,12%,DROP
ALL_OTHER_UT15_WON_DTL_REVN_COMP_SUM_C,30.4,30.6,28.4,32.0,1,Tentative,PIPE COMP,1,0%,-1%,-2%,4%,1%,-1%,-2%,4%,KEEP
UT10_CODE_10N00,30.2,30.4,29.0,31.5,1,Tentative,LAST TOUCH,1,-3%,-2%,-2%,-3%,0%,-1%,11%,11%,KEEP
BUS_AREA_NAME_BIN_D,30.2,30.2,28.5,31.5,1,Tentative,BUS_AREA_NAME,CAT,9%,-3%,-2%,-3%,3%,1%,-6%,9%,KEEP
OI_CLIENT_REP_WON_DTL_REVN_COMP_SUM_C,30.0,30.2,25.1,32.5,1,Tentative,PIPE COMP,3,-3%,-3%,-2%,9%,2%,-1%,-4%,9%,KEEP
GTS_10G00_WON_DTL_REVN_COMP_SUM_C,29.9,29.9,28.0,32.6,1,Tentative,PIPE COMP,2,-2%,-3%,-1%,8%,2%,-2%,-4%,8%,KEEP
WAT_LIFE_SCIENCE_20B1R_LEAD_COMP_SUM_C_FLG,29.6,29.8,27.3,32.4,1,Confirmed,FLG,FLG,-2%,-1%,-3%,1%,0%,24%,-2%,24%,KEEP
ALL_OTHER_UT20_15WCG_LEAD_COMP_SUM_C_FLG,29.5,29.8,27.0,31.3,1,Confirmed,FLG,FLG,0%,0%,-1%,3%,1%,0%,-2%,3%,DROP
XFORCE_20B1K_LEAD_COMP_SUM_C_FLG,29.7,29.5,27.8,33.2,1,Confirmed,FLG,FLG,-1%,-2%,-3%,2%,1%,0%,3%,3%,DROP
LDR_COMP_YIELD_C,29.3,29.5,27.3,30.6,1,Tentative,PIPE COMP,3,-4%,4%,-6%,6%,1%,-3%,3%,6%,DROP
SECURITY_10N00_LEAD_INDIV_SUM_I_FLG,29.4,29.3,27.5,31.0,1,Confirmed,FLG,FLG,-6%,-3%,-5%,-5%,-2%,-2%,24%,24%,KEEP
COGAPP_10B00_LEAD_INDIV_SUM_I_FLG,29.4,29.3,28.3,30.7,1,Confirmed,FLG,FLG,-3%,22%,-4%,-2%,-2%,-1%,-4%,22%,KEEP
INTR_SEC_COMP_FLG,29.2,29.3,27.0,31.4,1,Confirmed,FLG,FLG,1%,-2%,-4%,1%,4%,2%,2%,4%,KEEP
CHN_NM_DI_EOPEN_INDIV_CNT_1YR,29.0,29.2,26.8,31.4,1,Tentative,CHANNEL,0,-1%,-3%,1%,3%,4%,-2%,-2%,4%,KEEP
SUPPLY_CHAIN_20B2O_LEAD_COMP_SUM_C_FLG,29.2,29.1,27.1,31.7,1,Confirmed,FLG,FLG,-1%,6%,-4%,3%,1%,0%,-3%,6%,DROP
CHN_NM_EV_COMP_CNT_60DAYS,29.1,28.8,25.8,33.3,1,Tentative,CHANNEL,0,2%,-3%,-1%,3%,0%,-1%,-3%,3%,DROP
Z_LINUX_M_20C08_LEAD_COMP_SUM_C_FLG,28.8,28.7,26.5,30.8,1,Confirmed,FLG,FLG,-2%,-3%,4%,2%,2%,-1%,-4%,4%,DROP
INTR_20A0W_COMP_CNT,29.0,28.7,28.1,30.9,1,Tentative,INTR,0,2%,0%,-2%,1%,1%,0%,-1%,2%,DROP
TALENT_MGMT_15TMS_WON_DTL_REVN_COMP_SUM_C,28.6,28.4,26.2,30.7,1,Tentative,PIPE COMP,4,0%,3%,-2%,2%,1%,0%,-3%,3%,KEEP
BUS_TRANS_15CPT_WON_DTL_REVN_COMP_SUM_C,28.3,28.4,26.4,30.0,1,Tentative,PIPE COMP,1,-4%,-2%,-6%,14%,1%,-1%,-4%,14%,KEEP
INTR_SEC_COMP_CNT,28.2,28.3,26.4,29.7,1,Tentative,INTR,0,1%,-2%,-2%,1%,2%,0%,1%,2%,DROP
MAINFRM_SW_15MFT_LEAD_COMP_SUM_C,28.5,28.3,26.3,30.4,1,Tentative,PIPE COMP,3,0%,-3%,3%,3%,0%,-1%,-4%,4%,DROP
ALL_LEAD_INDIV_SUM_I,28.4,28.3,26.3,30.4,1,Tentative,PIPE INDIV,4,0%,-2%,-1%,4%,-2%,-2%,-1%,4%,KEEP
SECURITY_10N00_LEAD_COMP_SUM_C,28.2,28.2,27.3,29.0,1,Tentative,PIPE COMP,3,-4%,-5%,-6%,1%,-1%,-1%,16%,16%,KEEP
AVG_RESP_DAYS,28.3,28.2,26.6,32.0,1,Tentative,OTHER,1,-3%,-3%,3%,2%,2%,-1%,-1%,3%,DROP
ALL_OTHER_UT20_15MHW_LEAD_COMP_SUM_C_FLG,28.4,28.2,26.8,31.5,1,Confirmed,FLG,FLG,0%,-1%,1%,2%,0%,-1%,-2%,2%,DROP
BJ_UT15_TRY_153QH_COMP_CNT_60DAYS,27.8,28.1,25.0,29.5,1,Tentative,BJ,0,1%,-3%,0%,2%,2%,0%,-2%,3%,DROP
DATA_SEC_20B15_LEAD_COMP_SUM_C,27.6,27.7,25.9,29.2,1,Tentative,PIPE COMP,2,0%,-3%,-1%,1%,0%,-1%,3%,3%,DROP
INTR_10CDP_INDIV_FLG,27.9,27.6,25.2,33.5,1,Confirmed,FLG,FLG,2%,0%,-2%,-3%,1%,0%,2%,3%,DROP
PAG_UT10_OTH_CNDP_COMP_CNT_1YR,27.4,27.5,23.4,30.6,1,Tentative,WEB,4,1%,-1%,-1%,1%,0%,1%,-2%,2%,DROP
OI_TECH_SALES_COMP_YIELD_C,27.3,27.5,25.1,29.4,1,Tentative,PIPE COMP,3,-1%,-3%,0%,5%,2%,-2%,-4%,5%,DROP
APP_MGMT_ON_PRM_20JDQ_LEAD_COMP_SUM_C,27.4,27.5,25.8,29.7,1,Tentative,PIPE COMP,1,-4%,-3%,-6%,15%,1%,-2%,-4%,15%,KEEP
Z_OPS_PERF_20C06_LEAD_COMP_SUM_C_FLG,27.3,27.5,25.2,29.4,1,Confirmed,FLG,FLG,0%,-2%,2%,2%,0%,-1%,-3%,3%,DROP
PROGRAM_NAME_BIN_LO,27.3,27.4,22.9,30.6,1,Tentative,OTHER,CAT,-3%,-6%,6%,1%,3%,-1%,-2%,6%,DROP
OI_CLIENT_REP_COMP_YIELD_C,27.8,27.3,26.5,30.3,1,Tentative,PIPE COMP,3,-3%,-5%,-3%,12%,5%,-2%,-7%,12%,KEEP
SSRC_20B1G_LEAD_COMP_SUM_C_FLG,27.2,27.3,24.4,29.2,1,Confirmed,FLG,FLG,-2%,-2%,-4%,6%,0%,-1%,2%,6%,DROP
XFORCE_RED_OFF_20B1E_LEAD_COMP_SUM_C_FLG,27.4,27.1,24.8,30.3,1,Confirmed,FLG,FLG,-1%,-1%,-3%,4%,0%,0%,2%,4%,DROP
ZTPS_OPS_20C0T_LEAD_COMP_SUM_C,26.7,27.0,24.5,28.4,1,Tentative,PIPE COMP,4,-1%,-3%,3%,2%,-1%,-1%,-2%,3%,DROP
INF_AAS_20GAA_LEAD_COMP_SUM_C,26.9,26.8,24.9,28.6,1,Tentative,PIPE COMP,2,-1%,-3%,-6%,10%,2%,-1%,-3%,10%,DROP
STORAGE_15STT_COMP_YIELD_C,27.2,26.8,25.3,30.1,1,Tentative,PIPE COMP,4,-7%,-7%,13%,5%,5%,-2%,-8%,13%,KEEP
INTR_SYS_COMP_CNT,27.0,26.7,25.6,29.3,1,Tentative,INTR,0,0%,-3%,1%,2%,3%,-1%,-3%,3%,DROP
IBM_GBL_IOT_DSCR_AMERICAS,27.0,26.6,24.8,29.6,1,Tentative,GEO,CAT,3%,9%,-8%,-15%,1%,7%,14%,15%,DROP
JOB_FUNCTION_BIN_D,26.3,26.5,24.1,27.9,1,Tentative,JOB_FUNCTION,CAT,5%,-2%,0%,-2%,-1%,0%,-3%,5%,KEEP
INDUSTRY_BIN_D,26.5,26.5,25.5,27.6,1,Tentative,INDUSTRY,CAT,7%,-1%,1%,-7%,-1%,0%,0%,7%,KEEP
CLD_INTR_DEV_20A0W_LEAD_INDIV_SUM_I_FLG,26.1,26.2,23.8,27.9,1,Confirmed,FLG,FLG,8%,-2%,-2%,-2%,-1%,-1%,-3%,8%,KEEP
JOB_CTGY_CD_NULL,25.9,26.2,23.5,27.6,1,Tentative,OTHER,CAT,4%,0%,-1%,-3%,-1%,0%,0%,4%,DROP
ID_MGMT_20B14_LEAD_COMP_SUM_C,26.2,26.2,24.2,28.2,1,Tentative,PIPE COMP,2,0%,-3%,-2%,2%,0%,-1%,2%,3%,DROP
TLNT_ACQ_20B0T_LEAD_COMP_SUM_C_FLG,26.1,26.1,22.2,28.4,1,Confirmed,FLG,FLG,-1%,7%,-2%,0%,2%,0%,-3%,7%,DROP
CIS_20B1F_LEAD_COMP_SUM_C_FLG,26.4,26.1,24.3,28.7,1,Confirmed,FLG,FLG,-2%,-3%,-5%,6%,2%,-1%,2%,6%,DROP
STOR_HYB_CLD_20COP_WON_LEAD_COMP_SUM_C,25.3,26.1,20.9,28.2,1,Tentative,PIPE COMP,4,-6%,-5%,10%,3%,2%,-2%,-6%,10%,KEEP
DATA_SCI_20A0K_LEAD_INDIV_SUM_I_FLG,25.8,26.0,23.8,27.1,1,Confirmed,FLG,FLG,12%,-2%,-4%,-4%,-1%,-1%,-4%,12%,KEEP
OI_BP_COMP_YIELD_C,25.9,26.0,24.5,27.8,1,Tentative,PIPE COMP,3,-3%,-4%,3%,5%,6%,-1%,-7%,7%,KEEP
OI_DIGITAL_COVERAGE_SALES_WON_DTL_REVN_COMP_SUM_C,25.5,25.9,21.7,27.6,1,Tentative,PIPE COMP,3,-1%,-1%,-1%,4%,2%,-1%,-3%,4%,DROP
OI_BP_WON_DTL_REVN_COMP_SUM_C,25.8,25.9,22.2,28.5,1,Tentative,PIPE COMP,3,-1%,-2%,0%,5%,2%,0%,-4%,5%,DROP
GBS_10J00_WON_LEAD_COMP_SUM_C,25.7,25.9,22.3,27.9,1,Tentative,PIPE COMP,2,-5%,-3%,-8%,19%,2%,-2%,-6%,19%,KEEP
SYSTEMS_10C00_LEAD_INDIV_SUM_I_FLG,25.8,25.8,23.9,27.2,1,Confirmed,FLG,FLG,-6%,-4%,17%,-3%,-2%,-2%,-5%,17%,KEEP
OI_TECH_SUPP_COMP_YIELD_C,25.1,25.6,22.2,27.5,1,Tentative,PIPE COMP,3,2%,-2%,-4%,6%,3%,-2%,-5%,6%,DROP
COGNOS_20A0O_LEAD_COMP_SUM_C,25.5,25.6,24.1,26.8,1,Tentative,PIPE COMP,2,10%,-2%,-6%,1%,1%,0%,-6%,10%,KEEP
INTR_15ITT_COMP_CNT,25.8,25.5,23.4,28.4,1,Tentative,INTR,0,2%,1%,-2%,0%,1%,0%,-2%,2%,DROP
DGTL_BUS_AUTO_20A0Y_LEAD_INDIV_SUM_I_FLG,25.5,25.4,24.2,26.9,1,Confirmed,FLG,FLG,7%,-2%,-3%,-1%,-1%,-1%,-3%,7%,DROP
FIN_PFG_20B19_LEAD_COMP_SUM_C_FLG,25.3,25.4,23.8,26.8,1,Confirmed,FLG,FLG,0%,-2%,-3%,6%,-1%,-1%,-2%,6%,DROP
INTR_20APO_COMP_CNT,25.0,25.4,20.9,27.7,1,Tentative,INTR,1,2%,1%,-2%,-1%,1%,2%,-1%,2%,DROP
INTR_15ANP_COMP_CNT,25.3,25.3,24.4,26.5,1,Tentative,INTR,0,2%,0%,-2%,0%,2%,1%,-2%,2%,DROP
DGTL_BUS_AUTO_20A0Y_LEAD_COMP_SUM_C,25.4,25.3,24.2,26.9,1,Tentative,PIPE COMP,2,7%,-4%,-5%,2%,0%,-1%,-5%,7%,DROP
INTR_20A0O_COMP_CNT,25.4,25.2,24.0,27.6,1,Tentative,INTR,0,4%,0%,-2%,-1%,1%,0%,-1%,4%,DROP
PUB_CLD_CONS_20A46_LEAD_COMP_SUM_C,25.2,25.0,23.9,26.8,1,Tentative,PIPE COMP,3,6%,-3%,-5%,4%,1%,-1%,-5%,6%,KEEP
INTR_20B17_COMP_CNT,24.3,25.0,19.1,27.5,1,Tentative,INTR,1,2%,0%,-1%,0%,1%,0%,-2%,2%,DROP
DATA_SCI_20A0K_LEAD_COMP_SUM_C,25.2,24.9,24.0,27.2,1,Tentative,PIPE COMP,2,9%,-2%,-5%,1%,0%,1%,-6%,9%,KEEP
OO_TC_WON_DTL_REVN_COMP_SUM_C,24.9,24.9,23.5,25.6,1,Tentative,PIPE COMP,3,2%,-1%,0%,-2%,0%,0%,1%,2%,KEEP
COG_INFRST_PRV_CLD_20CCM_LEAD_COMP_SUM_C_FLG,25.0,24.7,22.6,27.9,1,Confirmed,FLG,FLG,-2%,-3%,6%,1%,0%,-1%,-3%,6%,DROP
OI_SVCS_DELIVERY_WON_DTL_REVN_COMP_SUM_C,25.3,24.7,24.0,28.4,1,Tentative,PIPE COMP,3,-3%,-2%,-5%,12%,1%,-1%,-4%,12%,DROP
TSS_MULTI_VEND_20G19_COMP_YIELD_C,24.1,24.7,16.5,27.6,1,Tentative,PIPE COMP,4,-6%,-6%,0%,16%,2%,-3%,-7%,16%,DROP
INFR_SVC_15ISS_WON_DTL_REVN_COMP_SUM_C,24.6,24.6,22.9,26.6,1,Tentative,PIPE COMP,3,-1%,-2%,-5%,7%,2%,-1%,-1%,7%,DROP
ZTPS_OPS_20C0T_WON_DTL_REVN_COMP_SUM_C_FLG,24.6,24.5,21.9,27.0,1,Confirmed,FLG,FLG,0%,-2%,0%,3%,1%,-1%,-2%,3%,DROP
CLOUDPLATFORMSVCS_10A00_COMP_YIELD_C,24.3,24.5,23.1,25.3,1,Tentative,PIPE COMP,2,15%,-6%,-8%,2%,5%,-2%,-10%,15%,KEEP
CHN_T_VL_COMP_CNT_1YR,24.2,24.4,22.8,25.3,1,Tentative,CHANNEL,0,2%,-2%,0%,2%,0%,0%,-3%,3%,DROP
PAG_OTH_COMP_CNT_60DAYS,24.5,24.4,21.3,28.0,1,Tentative,WEB,4,0%,-2%,0%,2%,1%,0%,-2%,2%,DROP
FIN_GRP_10H00_LEAD_COMP_SUM_C,24.2,24.3,21.8,27.2,1,Tentative,PIPE COMP,2,-3%,-3%,-3%,8%,8%,-1%,-5%,8%,DROP
STORAGE_15STT_WON_DTL_REVN_COMP_SUM_C,24.6,24.2,21.9,26.8,1,Tentative,PIPE COMP,4,-3%,-3%,5%,3%,2%,-1%,-4%,5%,DROP
GTS_10G00_COMP_YIELD_C,24.3,24.2,22.5,25.3,1,Tentative,PIPE COMP,2,-9%,-9%,2%,20%,3%,-3%,-11%,20%,KEEP
GTS_10G00_LEAD_INDIV_SUM_I_FLG,24.2,24.1,22.4,26.0,1,Confirmed,FLG,FLG,-3%,-3%,1%,7%,-1%,-2%,-3%,7%,KEEP
Z_OS_20C09_WON_DTL_REVN_COMP_SUM_C_FLG,23.8,23.9,21.7,25.4,1,Confirmed,FLG,FLG,0%,-2%,2%,1%,0%,0%,-3%,3%,DROP
CHN_NM_DI_ECLCK_COMP_CNT_1YR,23.6,23.9,20.7,26.0,1,Tentative,CHANNEL,0,1%,-3%,0%,3%,2%,0%,-3%,3%,DROP
COLLAB_15CLS_LEAD_COMP_SUM_C_FLG,24.0,23.9,21.6,26.4,1,Confirmed,FLG,FLG,-1%,1%,-1%,2%,0%,-1%,-1%,2%,DROP
DATA_AI_PLTF_20A11_LEAD_COMP_SUM_C,23.6,23.8,21.8,24.5,1,Tentative,PIPE COMP,2,5%,-3%,-4%,4%,-1%,-1%,-5%,5%,DROP
INTR_20AU4_COMP_CNT,24.0,23.7,20.5,30.6,1,Tentative,INTR,1,3%,-1%,-2%,1%,1%,0%,-1%,3%,DROP
PROGRAM_NAME_CONTACT_MODULE,23.9,23.7,22.3,25.9,1,Tentative,OTHER,CAT,11%,6%,-5%,-9%,-4%,0%,0%,11%,KEEP
OI_SVCS_DELIVERY_LEAD_COMP_SUM_C,23.6,23.7,22.5,25.5,1,Tentative,PIPE COMP,3,-4%,-3%,-6%,15%,1%,-1%,-5%,15%,DROP
CLIENT_CARE_20AJ5_LEAD_COMP_SUM_C,23.6,23.6,22.4,24.6,1,Tentative,PIPE COMP,2,5%,-2%,-5%,4%,0%,0%,-5%,5%,DROP
PAG_UT15_DNMM_15ANP_COMP_CNT_1YR,24.1,23.6,22.3,28.6,1,Tentative,WEB,4,1%,-2%,0%,1%,1%,1%,-2%,2%,DROP
TSS_MULTI_VEND_20G19_WON_DTL_REVN_COMP_SUM_C,23.3,23.6,18.5,27.4,1,Tentative,PIPE COMP,4,-2%,-3%,-1%,8%,2%,-1%,-4%,8%,DROP
KYWRD_AI,23.2,23.6,21.1,24.5,1,Tentative,OTHER,1,5%,-1%,1%,-3%,1%,-2%,-3%,5%,KEEP
STOR_ZSYS_20C9O_LEAD_COMP_SUM_C,23.8,23.4,22.2,27.9,1,Tentative,PIPE COMP,4,-2%,-4%,6%,3%,1%,-2%,-4%,6%,DROP
TALENT_MGMT_15TMS_COMP_YIELD_C,23.4,23.4,22.0,25.1,1,Tentative,PIPE COMP,4,-2%,9%,-2%,1%,2%,0%,-4%,9%,DROP
ADV_FRAUD_PRTCT_20B13_LEAD_COMP_SUM_C_FLG,23.6,23.4,20.9,25.8,1,Confirmed,FLG,FLG,0%,-3%,-2%,2%,0%,-1%,2%,3%,DROP
SEC_THREAT_MGMT_20NYE_LEAD_COMP_SUM_C,23.4,23.4,20.9,25.2,1,Tentative,PIPE COMP,3,-2%,-3%,-4%,1%,-1%,-1%,10%,10%,KEEP
NEW_CLIENT_FLG,23.0,23.3,21.4,25.1,1,Confirmed,FLG,FLG,-1%,0%,3%,-4%,1%,1%,1%,4%,KEEP
WAT_PROVIDER_20B1T_LEAD_COMP_SUM_C_FLG,23.0,23.3,20.9,24.3,1,Confirmed,FLG,FLG,-1%,-2%,-1%,-2%,0%,27%,-1%,27%,KEEP
INTR_20B14_COMP_CNT,23.1,23.2,19.8,25.0,1,Tentative,INTR,1,2%,0%,-3%,1%,1%,1%,-1%,3%,DROP
UT15_OFFER_153QH_COMP_CNT_60DAYS,22.9,23.2,20.0,25.2,1,Tentative,OFFER,1,1%,-3%,2%,2%,0%,-1%,-3%,3%,DROP
APP_MGMT_ON_PRM_20JDQ_WON_DTL_REVN_COMP_SUM_C,23.3,23.2,21.0,25.4,1,Tentative,PIPE COMP,1,-3%,-3%,-5%,12%,2%,-1%,-3%,12%,DROP
BLOCKCHAIN_156UX_LEAD_COMP_SUM_C_FLG,23.1,23.2,21.6,24.3,1,Confirmed,FLG,FLG,0%,4%,-2%,2%,0%,-1%,-2%,4%,DROP
PAG_DNMM_COMP_CNT_60DAYS,23.4,23.2,21.2,26.2,1,Tentative,WEB,4,1%,-1%,-1%,2%,1%,0%,-2%,2%,KEEP
PUB_CLD_INF_20D0C_LEAD_COMP_SUM_C,23.1,23.1,22.2,24.0,1,Tentative,PIPE COMP,3,7%,-3%,-5%,2%,1%,-1%,-5%,7%,KEEP
ALL_OTHER_UT20_15MFT_LEAD_COMP_SUM_C_FLG,23.2,23.1,20.6,26.6,1,Confirmed,FLG,FLG,0%,-1%,1%,1%,-1%,-1%,-2%,2%,DROP
IBM_GBL_IOT_DSCR_APAC,23.1,23.0,21.2,24.3,1,Tentative,GEO,CAT,-3%,-5%,3%,10%,-3%,-3%,-7%,10%,KEEP
TLNT_ASSESSMENT_20B1Q_LEAD_COMP_SUM_C_FLG,23.1,23.0,22.0,24.8,1,Confirmed,FLG,FLG,-1%,11%,-3%,-2%,0%,2%,-1%,11%,KEEP
INDUSTRY_NULL,23.0,23.0,21.8,24.0,1,Tentative,INDUSTRY,CAT,-5%,-2%,2%,2%,5%,0%,0%,5%,DROP
OI_DIGITAL_BRAND_SALES_WON_DTL_REVN_COMP_SUM_C,22.9,22.9,20.0,24.2,1,Tentative,PIPE COMP,3,-1%,-2%,-1%,5%,1%,-1%,-3%,5%,DROP
GARS_20H03_LEAD_COMP_SUM_C_FLG,23.1,22.8,20.9,25.8,1,Confirmed,FLG,FLG,-2%,-3%,2%,2%,6%,-1%,-3%,6%,DROP
BJ_UT20_TRY_20A0K_COMP_CNT_1YR,23.0,22.8,21.0,25.5,1,Tentative,BJ,0,1%,-3%,2%,0%,0%,1%,-3%,3%,DROP
INTR_20B2L_COMP_CNT,22.9,22.7,19.6,27.3,1,Tentative,INTR,1,2%,0%,-2%,1%,1%,0%,-1%,2%,DROP
NEW_CONTACT_FLG,22.6,22.7,20.9,25.5,1,Confirmed,FLG,FLG,5%,3%,-3%,-2%,-3%,0%,-1%,5%,KEEP
OO_BP_WON_LEAD_COMP_SUM_C,22.3,22.7,19.6,24.4,1,Tentative,PIPE COMP,3,-1%,-3%,5%,1%,3%,-1%,-5%,5%,DROP
WAT_PAYER_20B1S_LEAD_COMP_SUM_C_FLG,22.6,22.7,20.0,26.8,1,Confirmed,FLG,FLG,0%,1%,-2%,0%,0%,14%,-2%,14%,KEEP
INTR_20A0K_COMP_CNT,22.5,22.6,21.2,23.4,1,Tentative,INTR,0,1%,-1%,-1%,1%,2%,0%,-2%,2%,DROP
SYSTEMS_10C00_WON_LEAD_COMP_SUM_C,22.3,22.5,18.7,24.8,1,Tentative,PIPE COMP,4,-4%,-5%,9%,3%,3%,-2%,-7%,9%,KEEP
DATAOPS_20A0N_LEAD_COMP_SUM_C,22.4,22.5,21.5,23.1,1,Tentative,PIPE COMP,2,5%,-3%,-4%,4%,1%,-1%,-4%,5%,DROP
OI_MARKETING_LEAD_INDIV_SUM_I_FLG,22.3,22.4,21.0,23.4,1,Confirmed,FLG,FLG,7%,4%,-1%,-8%,-4%,-2%,2%,8%,KEEP
INTR_153QH_COMP_CNT,22.1,22.4,19.7,23.9,1,Tentative,INTR,0,2%,-1%,-2%,0%,2%,0%,-2%,2%,DROP
BJ_UT15_TRY_15IGO_COMP_CNT_1YR,22.5,22.4,21.4,23.5,1,Tentative,BJ,0,2%,-1%,-1%,1%,0%,1%,-2%,2%,DROP
OI_SVCS_DELIVERY_COMP_YIELD_C,22.3,22.4,20.3,25.0,1,Tentative,PIPE COMP,3,-5%,-3%,-7%,16%,4%,-2%,-6%,16%,KEEP
PAG_BNDS_COMP_CNT_60DAYS,22.7,22.4,20.7,25.1,1,Tentative,WEB,4,0%,-1%,-1%,1%,1%,1%,-1%,1%,DROP
ON_PRM_APP_DEV_20J3T_LEAD_COMP_SUM_C,22.2,22.3,20.7,24.2,1,Tentative,PIPE COMP,3,-4%,-3%,-5%,14%,1%,-1%,-4%,14%,KEEP
GBS_10J00_COMP_YIELD_C,22.5,22.3,20.6,25.0,1,Tentative,PIPE COMP,2,-6%,-5%,-9%,22%,6%,-2%,-8%,22%,KEEP
WATSONHEALTH_10L00_LEAD_COMP_SUM_C,22.4,22.3,21.0,23.5,1,Tentative,PIPE COMP,4,-2%,-1%,-3%,-1%,0%,34%,-3%,34%,KEEP
CHANNEL_TYPE_CONT_SYND,22.2,22.2,20.5,23.7,1,Tentative,CHANNEL NAME / TYPE,CAT,-2%,3%,-2%,0%,0%,3%,2%,3%,DROP
GARS_20H03_WON_DTL_REVN_COMP_SUM_C_FLG,22.2,22.2,20.2,24.0,1,Confirmed,FLG,FLG,-2%,-2%,2%,2%,4%,0%,-2%,4%,DROP
BJ_UT20_TRY_20A0O_COMP_CNT_1YR,22.0,22.1,20.7,23.2,1,Tentative,BJ,0,2%,-2%,-1%,1%,2%,0%,-2%,2%,DROP
ALL_WON_DTL_REVN_INDIV_SUM_I,21.9,22.1,19.0,24.5,1,Tentative,PIPE INDIV,4,-2%,-2%,0%,6%,0%,-1%,-3%,6%,KEEP
IND_SCORE_NEW_N1,21.9,22.1,20.6,22.9,1,Tentative,OTHER,CAT,8%,5%,-5%,-5%,-3%,0%,0%,8%,KEEP
UT10_CODE_G0000,22.5,22.0,20.7,24.8,1,Tentative,LAST TOUCH,1,3%,-1%,2%,-2%,2%,-2%,-2%,3%,DROP
INTR_20GKU_COMP_CNT,21.5,22.0,18.0,24.5,1,Tentative,INTR,1,2%,0%,-3%,1%,2%,1%,-1%,3%,DROP
STOR_HYB_CLD_20COP_WON_DTL_REVN_COMP_SUM_C,21.8,22.0,20.4,22.7,1,Tentative,PIPE COMP,3,-4%,-4%,5%,4%,1%,-1%,-4%,5%,KEEP
DATABASE_20A0M_LEAD_COMP_SUM_C,21.9,22.0,21.1,23.1,1,Tentative,PIPE COMP,2,5%,-4%,-2%,2%,1%,-1%,-5%,5%,DROP
SECURITY_10N00_WON_DTL_REVN_COMP_SUM_C,22.2,22.0,20.3,24.4,1,Tentative,PIPE COMP,3,-2%,-3%,-2%,4%,0%,-1%,2%,4%,DROP
ALL_OTHER_UT20_15ANP_WON_DTL_REVN_COMP_SUM_C,22.3,22.0,21.4,23.6,1,Tentative,PIPE COMP,1,1%,-2%,-2%,3%,0%,-1%,-3%,3%,DROP
STOR_CYBER_RES_20CSN_LEAD_COMP_SUM_C,22.0,21.9,19.9,24.0,1,Tentative,PIPE COMP,3,-5%,-5%,11%,2%,1%,-2%,-6%,11%,KEEP
CLD_APP_DEV_20J2W_LEAD_COMP_SUM_C,22.3,21.8,20.6,24.0,1,Tentative,PIPE COMP,1,-3%,-3%,-5%,13%,0%,-1%,-4%,13%,KEEP
STORAGE_15STT_LEAD_INDIV_SUM_I_FLG,21.7,21.8,16.8,23.9,1,Confirmed,FLG,FLG,-5%,-4%,15%,-2%,-1%,-1%,-4%,15%,KEEP
CLOUDPLATFORMSVCS_10A00_WON_DTL_REVN_COMP_SUM_C,21.7,21.7,20.5,22.3,1,Tentative,PIPE COMP,2,2%,-3%,-2%,5%,1%,-1%,-5%,5%,DROP
PAG_WEVNT_COMP_CNT_60DAYS,21.3,21.7,18.3,23.0,1,Tentative,WEB,4,0%,-1%,-1%,2%,1%,1%,-2%,2%,DROP
WAT_GOVT_20B0E_LEAD_COMP_SUM_C_FLG,21.5,21.7,19.0,23.6,1,Confirmed,FLG,FLG,1%,-1%,0%,-1%,0%,6%,-1%,6%,DROP
PARENT_ASSET_BUYERS_JOURNEY_TRY,21.6,21.6,20.4,22.8,1,Tentative,PARENT_ASSET_BUYERS_JOURNEY,CAT,7%,0%,0%,-4%,-2%,0%,-3%,7%,KEEP
MOBILE_SEC_20B12_LEAD_COMP_SUM_C,21.9,21.6,20.9,23.6,1,Tentative,PIPE COMP,3,-7%,-3%,-7%,-6%,-1%,0%,29%,29%,KEEP
ALL_OTHER_UT15_COMP_YIELD_C,21.0,21.6,18.6,22.7,1,Tentative,PIPE COMP,1,0%,-2%,-2%,5%,2%,-1%,-3%,5%,DROP
OI_DIGITAL_COVERAGE_SALES_COMP_YIELD_C,21.9,21.5,20.1,24.2,1,Tentative,PIPE COMP,3,-1%,5%,-3%,0%,3%,0%,-2%,5%,DROP
IBM_GBL_IMT_DSCR_OTHER,21.3,21.4,19.9,22.9,1,Tentative,GEO,CAT,0%,-7%,5%,8%,-4%,-5%,-7%,8%,DROP
PAG_CSTRS_COMP_CNT_1YR,21.6,21.3,19.5,25.7,1,Tentative,WEB,4,1%,-1%,-2%,3%,1%,1%,-3%,3%,DROP
CLOUDPLATFORMSVCS_10A00_WON_DTL_REVN_INDIV_SUM_I,21.2,21.2,20.0,22.3,1,Tentative,PIPE INDIV,4,7%,-2%,-2%,-1%,-1%,-1%,-3%,7%,KEEP
PER_MKTG_20B2L_LEAD_COMP_SUM_C_FLG,21.0,21.2,19.7,23.0,1,Confirmed,FLG,FLG,0%,0%,-1%,1%,2%,0%,-2%,2%,DROP
CLD_INTR_DEV_20A0W_COMP_YIELD_C,21.1,21.1,19.7,21.8,1,Tentative,PIPE COMP,1,4%,-4%,-2%,5%,2%,-2%,-6%,6%,DROP
LDR_LEAD_INDIV_SUM_I_FLG,20.9,21.1,19.1,22.0,1,Confirmed,FLG,FLG,6%,2%,-2%,-7%,-4%,-2%,4%,7%,DROP
OI_BP_WON_LEAD_COMP_SUM_C,21.0,21.0,18.1,24.1,1,Tentative,PIPE COMP,3,0%,-4%,1%,5%,2%,-1%,-6%,6%,DROP
MAINFRM_SW_15MFT_WON_DTL_REVN_COMP_SUM_C,21.0,20.9,19.6,22.0,1,Tentative,PIPE COMP,3,-1%,-2%,2%,3%,1%,-1%,-3%,3%,DROP
ALL_INDIV_YIELD_I,20.6,20.9,18.6,22.3,1,Tentative,PIPE INDIV,4,0%,-2%,-1%,2%,-1%,-1%,1%,2%,DROP
PAG_UT15_BNDS_15IGO_COMP_CNT_1YR,20.9,20.9,19.5,23.9,1,Tentative,WEB,4,1%,-1%,-1%,1%,0%,1%,-1%,1%,DROP
BUS_AREA_NAME_BIN_A,20.8,20.8,18.9,22.1,1,Tentative,BUS_AREA_NAME,CAT,4%,3%,-4%,-1%,-4%,0%,1%,4%,KEEP
CHN_NM_EV_INDIV_CNT_1YR,21.0,20.8,19.3,22.7,1,Tentative,CHANNEL,0,2%,-3%,0%,2%,1%,-2%,-2%,3%,DROP
TYPE_FLG_NULL_ASSET,20.6,20.7,19.2,21.4,1,Tentative,OTHER,CAT,6%,3%,-2%,-3%,-5%,-1%,-1%,6%,DROP
COGAPP_10B00_WON_DTL_REVN_COMP_SUM_C,20.5,20.7,19.6,21.3,1,Tentative,PIPE COMP,2,-1%,5%,-3%,3%,1%,-1%,-4%,5%,KEEP
B2B_COLLAB_20B2P_WON_DTL_REVN_COMP_SUM_C,20.2,20.7,17.2,23.0,1,Tentative,PIPE COMP,1,0%,3%,-1%,1%,0%,-1%,-2%,3%,DROP
PROGRAM_NAME_BIN_MED,21.1,20.7,19.2,23.5,1,Tentative,OTHER,CAT,0%,3%,-3%,2%,0%,2%,-2%,3%,DROP
OO_TS_WON_DTL_REVN_COMP_SUM_C,20.2,20.6,16.8,22.5,1,Tentative,PIPE COMP,3,-2%,-3%,2%,5%,0%,-2%,-3%,5%,DROP
OI_MARKETING_WON_DTL_REVN_COMP_SUM_C,20.6,20.6,19.8,21.3,1,Tentative,PIPE COMP,3,-1%,-1%,1%,3%,1%,0%,-4%,4%,DROP
STOR_ZSYS_20C9O_WON_DTL_REVN_COMP_SUM_C,20.0,20.6,12.9,23.1,1,Tentative,PIPE COMP,4,-1%,-3%,3%,2%,1%,-1%,-3%,3%,DROP
STOR_HYB_CLD_20COP_COMP_YIELD_C,20.5,20.5,18.9,21.5,1,Tentative,PIPE COMP,3,-7%,-6%,12%,4%,3%,-2%,-7%,12%,DROP
ALL_OTHER_UT20_15ANP_COMP_YIELD_C,20.3,20.4,18.8,21.0,1,Tentative,PIPE COMP,1,3%,-3%,-2%,3%,1%,-1%,-4%,4%,DROP
MOBILE_SEC_20B12_WON_DTL_REVN_COMP_SUM_C,20.2,20.4,18.6,21.1,1,Tentative,PIPE COMP,3,-3%,-1%,-3%,-2%,0%,1%,10%,10%,DROP
BUS_AREA_NAME_NULL,20.1,20.4,17.8,23.7,1,Tentative,BUS_AREA_NAME,CAT,-3%,-1%,-1%,7%,0%,0%,-3%,7%,DROP
UT_LVL_10_CD_INTENT_NEW_10A00,20.3,20.4,18.8,21.7,1,Tentative,LAST TOUCH UT,CAT,7%,-3%,1%,-3%,-2%,1%,-4%,7%,KEEP
GBS_10J00_WON_DTL_REVN_INDIV_SUM_I_FLG,20.3,20.3,17.4,21.8,1,Confirmed,FLG,FLG,-3%,-2%,-4%,12%,-1%,-1%,-3%,12%,DROP
CLOUDPLATFORMSVCS_10A00_INDIV_YIELD_I,20.3,20.3,19.5,21.0,1,Tentative,PIPE INDIV,4,10%,-2%,-3%,-2%,-1%,-1%,-4%,10%,KEEP
REGULATORY_20AU4_WON_DTL_REVN_COMP_SUM_C,20.3,20.2,18.6,22.1,1,Tentative,PIPE COMP,3,1%,-2%,-2%,3%,0%,-1%,-2%,3%,DROP
OO_TC_COMP_YIELD_C,20.0,20.2,18.7,21.1,1,Tentative,PIPE COMP,3,1%,-1%,-1%,-1%,1%,0%,1%,1%,DROP
INTR_20BEQ_COMP_CNT,20.6,20.2,18.0,23.8,1,Tentative,INTR,1,2%,0%,-2%,-1%,2%,1%,0%,2%,DROP
OI_DIGITAL_BRAND_SALES_COMP_YIELD_C,20.4,20.2,18.7,22.9,1,Tentative,PIPE COMP,3,-4%,3%,-7%,6%,1%,-2%,4%,7%,DROP
ENTR_STRAT_20J09_LEAD_COMP_SUM_C,20.1,20.2,18.8,21.2,1,Tentative,PIPE COMP,2,-3%,-2%,-6%,12%,1%,-1%,-4%,12%,DROP
PAG_UT15_TRLS_15IGO_COMP_CNT_1YR,20.9,20.1,18.7,26.6,1,Tentative,WEB,4,0%,-3%,0%,2%,1%,0%,-2%,3%,DROP
SEC_SVC_15STS_LEAD_COMP_SUM_C,20.3,20.1,19.2,22.7,1,Tentative,PIPE COMP,3,-3%,-3%,-6%,8%,1%,-1%,4%,8%,DROP
JOB_CTGY_CD_C_LEVEL,19.9,20.0,18.3,21.2,1,Tentative,OTHER,CAT,0%,2%,-4%,0%,-1%,1%,3%,4%,KEEP
CHN_T_F2F_INDIV_CNT_1YR,19.9,19.9,17.4,22.6,1,Tentative,CHANNEL,0,1%,-3%,0%,3%,2%,-2%,-3%,3%,DROP
CLD_PLATF_20A0X_LEAD_INDIV_SUM_I_FLG,20.0,19.9,19.2,20.9,1,Confirmed,FLG,FLG,5%,-1%,-1%,-1%,-1%,-1%,-2%,5%,DROP
JOB_FUNCTION_BIN_A,19.6,19.9,18.0,20.7,1,Tentative,JOB_FUNCTION,CAT,-5%,-3%,4%,1%,0%,-1%,3%,5%,KEEP
IND_SCORE_NEW_E1,19.1,19.7,16.4,20.5,1,Tentative,OTHER,CAT,3%,0%,0%,0%,-3%,-1%,-1%,3%,DROP
INTR_20A0V_COMP_CNT,19.7,19.6,17.5,21.2,1,Tentative,INTR,0,2%,1%,-3%,0%,1%,2%,-1%,3%,DROP
INTR_20A0Y_COMP_CNT,19.5,19.6,17.3,21.0,1,Tentative,INTR,0,2%,-1%,-1%,0%,1%,0%,-1%,2%,DROP
UT_LVL_10_CD_INTENT_NEW_10N00,19.2,19.5,16.8,20.2,1,Tentative,LAST TOUCH UT,CAT,-4%,-2%,-3%,-2%,-1%,0%,13%,13%,KEEP
SECURITY_10N00_COMP_YIELD_C,19.4,19.5,18.1,20.4,1,Tentative,PIPE COMP,3,-7%,-6%,-7%,0%,3%,-1%,20%,20%,KEEP
CLD_MDRN_20JMW_LEAD_COMP_SUM_C,19.5,19.5,17.9,20.3,1,Tentative,PIPE COMP,1,-3%,-3%,-5%,13%,0%,-1%,-4%,13%,KEEP
BJ_DIS_COMP_CNT_1YR,20.1,19.4,17.5,23.8,1,Tentative,BJ,0,1%,-1%,-2%,2%,1%,1%,-3%,3%,DROP
CHN_T_F2F_COMP_CNT_60DAYS,19.6,19.4,16.2,24.7,1,Tentative,CHANNEL,0,1%,-3%,-1%,4%,3%,-1%,-3%,4%,DROP
TYPE_FLG_EVENT,18.9,19.3,14.9,20.5,1,Tentative,OTHER,CAT,1%,-2%,-1%,3%,-1%,-1%,-1%,3%,DROP
INTR_20B2O_COMP_CNT,19.2,19.3,16.9,20.9,1,Tentative,INTR,1,2%,2%,-2%,0%,1%,0%,-2%,2%,DROP
PAG_UT15_WPNAR_153QH_COMP_CNT_1YR,19.4,19.3,18.2,20.7,1,Tentative,WEB,4,1%,-1%,-1%,1%,2%,1%,-2%,2%,DROP
OI_DIGITAL_COVERAGE_SALES_WON_LEAD_COMP_SUM_C,19.4,19.2,17.2,21.8,1,Tentative,PIPE COMP,3,-1%,3%,-2%,2%,2%,-1%,-3%,3%,DROP
CLIENT_FIN_20H01_WON_DTL_REVN_COMP_SUM_C,19.1,19.2,17.4,20.8,1,Tentative,PIPE COMP,2,-2%,-2%,-1%,6%,3%,-1%,-3%,6%,DROP
PROGRAM_NAME_BIN_HI,19.2,19.2,18.2,20.2,1,Tentative,OTHER,CAT,-3%,2%,-2%,1%,-2%,-1%,5%,5%,KEEP
JOB_CTGY_CD_PROFESSIONAL,19.2,19.1,16.6,21.7,1,Tentative,OTHER,CAT,1%,-3%,4%,0%,1%,-1%,-3%,4%,KEEP
SEC_THREAT_MGMT_20NYE_WON_DTL_REVN_COMP_SUM_C,18.5,19.1,13.5,21.8,1,Tentative,PIPE COMP,3,-2%,-2%,-1%,2%,0%,-1%,3%,3%,DROP
UT_LVL_10_CD_INTENT_NEW_10C00,18.8,19.1,15.9,20.2,1,Tentative,LAST TOUCH UT,CAT,-5%,-2%,10%,-1%,-1%,0%,-2%,10%,KEEP
INTR_20B2M_COMP_CNT,19.6,19.1,18.1,21.4,1,Tentative,INTR,1,1%,0%,-2%,0%,1%,2%,-1%,2%,DROP
Z_TRANS_INTGR_20C03_WON_DTL_REVN_COMP_SUM_C,19.0,19.0,18.1,20.1,1,Tentative,PIPE COMP,4,0%,-2%,2%,1%,1%,-1%,-3%,3%,DROP
CHN_NM_DI_EOPEN_INDIV_CNT_60DAYS,19.0,19.0,16.6,20.8,1,Tentative,CHANNEL,0,-2%,-3%,1%,3%,4%,-2%,-2%,4%,DROP
CLD_INTR_DEV_20A0W_WON_DTL_REVN_COMP_SUM_C,19.5,19.0,18.1,21.1,1,Tentative,PIPE COMP,1,2%,-2%,-1%,3%,0%,-1%,-4%,4%,DROP
UT_LVL_30_CD_INTENT_NEW_OTHER,18.9,19.0,17.6,20.1,1,Tentative,LAST TOUCH UT,CAT,1%,0%,1%,-1%,-1%,0%,0%,1%,DROP
UT_LVL_20_CD_INTENT_NEW_OTHER,18.4,19.0,15.7,21.0,1,Tentative,LAST TOUCH UT,CAT,-1%,0%,4%,-1%,-1%,0%,-1%,4%,DROP
ID_MGMT_20B14_WON_DTL_REVN_COMP_SUM_C,19.0,19.0,16.8,20.8,1,Tentative,PIPE COMP,2,0%,-2%,0%,2%,0%,-1%,-1%,2%,DROP
COG_SYS_15PHW_WON_DTL_REVN_COMP_SUM_C,19.3,18.9,16.1,22.7,1,Tentative,PIPE COMP,2,-2%,-2%,4%,3%,1%,0%,-4%,4%,DROP
APP_MGMT_ON_PRM_20JDQ_COMP_YIELD_C,18.7,18.8,17.3,20.1,1,Tentative,PIPE COMP,1,-4%,-4%,-7%,17%,3%,-2%,-6%,17%,DROP
CLD_PLATF_20A0X_COMP_YIELD_C,18.9,18.7,17.8,19.8,1,Tentative,PIPE COMP,1,3%,-4%,-2%,5%,3%,-2%,-5%,5%,DROP
CLD_MGMT_20APO_WON_DTL_REVN_COMP_SUM_C,18.6,18.7,17.4,19.6,1,Tentative,PIPE COMP,1,0%,-2%,-2%,5%,1%,-1%,-3%,5%,DROP
GBS_10J00_WON_LEAD_INDIV_SUM_I_FLG,18.7,18.6,17.3,19.8,1,Confirmed,FLG,FLG,-3%,-2%,-4%,12%,-1%,-1%,-3%,12%,DROP
PUB_CLOUD_153QH_COMP_YIELD_C,18.5,18.6,18.2,18.8,1,Tentative,PIPE COMP,3,8%,-3%,-7%,4%,3%,-2%,-6%,8%,DROP
TLNT_ASSESSMENT_20B1Q_COMP_YIELD_C,18.3,18.6,16.9,19.1,1,Tentative,PIPE COMP,4,-1%,11%,-3%,-2%,0%,1%,-1%,11%,DROP
PARENT_ASSET_BUYERS_JOURNEY_NULL,18.6,18.6,17.6,19.9,1,Tentative,PARENT_ASSET_BUYERS_JOURNEY,CAT,-2%,-1%,0%,3%,1%,-1%,0%,3%,DROP
PARENT_ASSET_BUYERS_JOURNEY_LEARN,18.9,18.5,17.3,21.1,1,Tentative,PARENT_ASSET_BUYERS_JOURNEY,CAT,-2%,2%,-1%,-1%,0%,2%,4%,4%,KEEP
FIN_SUPPLY_CHAIN_TRNS_20J06_LEAD_COMP_SUM_C,18.4,18.5,16.4,19.6,1,Tentative,PIPE COMP,2,-3%,-2%,-5%,13%,0%,-1%,-4%,13%,KEEP
UT_LVL_15_CD_INTENT_NEW_BIN_B,18.3,18.4,16.0,19.6,1,Tentative,LAST TOUCH UT,CAT,-1%,3%,1%,-1%,0%,0%,0%,3%,DROP
DB_ZOS_20AYJ_LEAD_COMP_SUM_C,18.2,18.3,17.0,19.4,1,Tentative,PIPE COMP,2,0%,-2%,2%,1%,1%,-1%,-3%,3%,DROP
DATA_SEC_20B15_WON_DTL_REVN_COMP_SUM_C,18.6,18.3,17.2,19.9,1,Tentative,PIPE COMP,2,0%,-2%,0%,2%,0%,-1%,0%,2%,DROP
DATA_TECH_TRNS_20J05_WON_DTL_REVN_COMP_SUM_C,18.2,18.3,15.5,19.8,1,Tentative,PIPE COMP,2,-3%,-1%,-4%,10%,0%,-1%,-4%,10%,DROP
COG_PROC_SVC_BPO_20J07_LEAD_COMP_SUM_C,17.8,18.3,16.0,19.0,1,Tentative,PIPE COMP,2,-3%,-2%,-6%,12%,1%,-1%,-4%,12%,KEEP
CUST_TRNS_20J10_LEAD_COMP_SUM_C,18.3,18.2,17.1,19.9,1,Tentative,PIPE COMP,2,-4%,-3%,-6%,15%,2%,-1%,-5%,15%,KEEP
BJ_UT10_LRN_GTS_COMP_CNT_1YR,18.4,18.2,14.8,22.0,1,Tentative,BJ,0,1%,-1%,-2%,3%,0%,1%,-2%,3%,DROP
INFR_SVC_15ISS_COMP_YIELD_C,17.8,18.2,15.3,19.2,1,Tentative,PIPE COMP,3,-1%,-3%,-6%,9%,3%,-2%,-3%,9%,DROP
IBM_GBL_IOT_DSCR_JAPAN,17.9,18.1,15.8,19.4,1,Tentative,GEO,CAT,1%,-3%,0%,4%,5%,-1%,-6%,6%,KEEP
CHANNEL_TYPE_F2F_OTH,18.2,18.1,16.6,20.4,1,Tentative,CHANNEL NAME / TYPE,CAT,1%,0%,-2%,2%,-1%,-1%,-1%,2%,DROP
OO_TS_LEAD_COMP_SUM_C,18.1,18.1,16.8,19.6,1,Tentative,PIPE COMP,3,-5%,-5%,1%,12%,-2%,-2%,-4%,12%,DROP
UT20_OFFER_20A0M_COMP_CNT_1YR,18.6,18.1,15.5,23.2,1,Tentative,OFFER,1,2%,-2%,1%,1%,1%,0%,-4%,4%,DROP
PUB_CLOUD_153QH_WON_DTL_REVN_COMP_SUM_C,18.1,18.1,16.9,18.6,1,Tentative,PIPE COMP,3,4%,-2%,-4%,3%,1%,-1%,-3%,4%,DROP
REGULATORY_20AU4_COMP_YIELD_C,18.3,18.1,17.0,20.3,1,Tentative,PIPE COMP,3,2%,-2%,-2%,3%,0%,-1%,-2%,3%,DROP
IBM_GBL_IOT_DSCR_EMEA,17.8,18.0,15.6,20.1,1,Tentative,GEO,CAT,-2%,-4%,5%,5%,-1%,-4%,-6%,6%,KEEP
TLNT_DEV_20B0U_WON_DTL_REVN_COMP_SUM_C,18.0,18.0,16.0,20.2,1,Tentative,PIPE COMP,4,-1%,1%,-2%,3%,1%,0%,-2%,3%,DROP
INTR_10CDP_INDIV_CNT,18.0,18.0,16.0,19.8,1,Tentative,INTR,0,2%,0%,-2%,-1%,1%,0%,0%,2%,DROP
COG_SYS_15PHW_LEAD_INDIV_SUM_I_FLG,17.8,18.0,15.9,19.6,1,Confirmed,FLG,FLG,-4%,-3%,11%,-1%,-1%,-1%,-3%,11%,KEEP
S1_CLIENT_TEAMS_S1,17.6,17.9,12.8,20.6,1,Tentative,OTHER,CAT,0%,-2%,-3%,7%,-2%,-1%,-2%,7%,KEEP
CHN_NM_EV_INDIV_CNT_60DAYS,17.4,17.8,14.7,18.1,1,Tentative,CHANNEL,0,0%,-3%,1%,2%,0%,-2%,-2%,3%,DROP
BJ_BUY_COMP_CNT_1YR,17.5,17.8,12.7,20.8,1,Tentative,BJ,0,-1%,-4%,4%,3%,1%,-1%,-4%,4%,KEEP
UT_LVL_15_CD_INTENT_NEW_BIN_C,17.9,17.7,17.1,19.5,1,Tentative,LAST TOUCH UT,CAT,7%,-3%,2%,-3%,-2%,1%,-5%,7%,KEEP
ALL_OTHER_UT20_15ISS_COMP_YIELD_C,17.4,17.5,15.3,19.8,1,Tentative,PIPE COMP,1,-1%,0%,-3%,4%,2%,-1%,-1%,4%,DROP
UT_LVL_10_CD_INTENT_NEW_NULL,17.3,17.4,15.7,19.1,1,Tentative,LAST TOUCH UT,CAT,0%,1%,-3%,3%,2%,-2%,-2%,3%,DROP
ON_PRM_APP_DEV_20J3T_WON_DTL_REVN_COMP_SUM_C,17.9,17.3,16.4,21.3,1,Tentative,PIPE COMP,3,-3%,-3%,-4%,11%,1%,-1%,-3%,11%,DROP
INF_AAS_20GAA_WON_DTL_REVN_COMP_SUM_C,17.6,17.2,16.0,20.1,1,Tentative,PIPE COMP,3,0%,-2%,-4%,6%,1%,-1%,-1%,6%,DROP
ALL_OTHER_UT20_15PHW_LEAD_COMP_SUM_C_FLG,17.1,17.2,15.1,19.6,1,Confirmed,FLG,FLG,-1%,-2%,4%,2%,0%,-1%,-3%,4%,DROP
GBS_10J00_INDIV_YIELD_I,17.1,17.2,14.7,19.0,1,Tentative,PIPE INDIV,4,-3%,-2%,-4%,11%,0%,-1%,-3%,11%,DROP
MAINFRM_HW_15MHW_LEAD_COMP_SUM_C,17.6,17.1,15.9,20.9,1,Tentative,PIPE COMP,3,-1%,-3%,4%,3%,1%,-1%,-5%,5%,DROP
TLNT_ACQ_20B0T_WON_DTL_REVN_COMP_SUM_C,17.0,17.1,15.5,18.7,1,Tentative,PIPE COMP,4,0%,4%,-1%,0%,1%,0%,-2%,4%,DROP
COMP_INST_FLG_SAP,17.1,17.0,15.3,18.9,1,Tentative,COMP INST,0,-1%,1%,-3%,3%,1%,1%,0%,3%,KEEP
UT20_OFFER_20A0Y_COMP_CNT_1YR,16.9,17.0,14.8,18.6,1,Tentative,OFFER,1,1%,-1%,-2%,2%,1%,1%,-2%,2%,DROP
UT10_CODE_10B00,17.1,17.0,16.3,19.3,1,Tentative,LAST TOUCH,1,1%,8%,-2%,-3%,0%,-1%,-2%,8%,KEEP
INTR_MISC_COMP_CNT,16.9,17.0,15.1,18.5,1,Tentative,INTR,0,2%,1%,-2%,-1%,1%,2%,-1%,2%,DROP
AI_APP_15ITT_COMP_YIELD_C,16.6,17.0,14.8,17.9,1,Tentative,PIPE COMP,1,-2%,15%,-5%,1%,2%,-1%,-6%,15%,KEEP
INTR_20B0E_COMP_CNT,17.0,16.9,14.6,19.6,1,Tentative,INTR,1,2%,1%,-2%,-1%,1%,3%,-1%,3%,DROP
INTR_20C07_COMP_CNT,16.6,16.9,14.0,17.9,1,Tentative,INTR,1,0%,-2%,2%,1%,2%,-1%,-3%,3%,DROP
ASSET_MGMT_20B1A_WON_DTL_REVN_COMP_SUM_C,16.6,16.8,14.3,19.0,1,Tentative,PIPE COMP,1,-1%,5%,-4%,3%,1%,0%,-3%,5%,DROP
BUS_TRANS_15CPT_INDIV_YIELD_I,16.2,16.8,11.8,18.5,1,Tentative,PIPE INDIV,4,-3%,-1%,-4%,10%,0%,-1%,-3%,10%,KEEP
MOBILE_SEC_20B12_COMP_YIELD_C,16.6,16.8,15.7,18.0,1,Tentative,PIPE COMP,3,-7%,-3%,-6%,-6%,-1%,0%,27%,27%,DROP
ALL_OTHER_UT20_15IGO_COMP_YIELD_C,16.8,16.7,15.3,17.8,1,Tentative,PIPE COMP,1,0%,-1%,-1%,2%,1%,-1%,-2%,2%,DROP
ON_PRM_MDRN_20JVJ_LEAD_COMP_SUM_C,16.6,16.6,14.8,18.1,1,Tentative,PIPE COMP,3,-3%,-3%,-5%,13%,1%,-1%,-4%,13%,KEEP
HYBRID_CLOUD_15CAI_COMP_YIELD_C,16.3,16.6,13.8,18.9,1,Tentative,PIPE COMP,2,-5%,-5%,-9%,20%,5%,-2%,-7%,20%,KEEP
ZTPS_OPS_20C0T_COMP_YIELD_C,16.7,16.5,13.7,18.5,1,Tentative,PIPE COMP,4,0%,-2%,0%,3%,1%,-1%,-2%,3%,DROP
INTR_20C0M_COMP_CNT,15.8,16.5,12.2,17.2,1,Tentative,INTR,1,0%,-2%,1%,0%,1%,0%,-1%,2%,DROP
UT15_OFFER_15IGO_COMP_CNT_60DAYS,16.7,16.5,14.7,18.7,1,Tentative,OFFER,1,2%,-1%,-1%,1%,1%,0%,-2%,2%,DROP
SEC_RES_PRJ_SVC_20GWT_WON_DTL_REVN_COMP_SUM_C,16.3,16.5,11.5,19.7,1,Tentative,PIPE COMP,3,-1%,-2%,-4%,6%,1%,-1%,0%,6%,DROP
OI_CLIENT_REP_LEAD_INDIV_SUM_I_FLG,16.5,16.5,14.5,18.3,1,Confirmed,FLG,FLG,0%,-2%,-1%,5%,-1%,-2%,-3%,5%,DROP
SEC_THREAT_MGMT_INFRS_20B0Z_WON_DTL_REVN_COMP_SUM_C,16.7,16.4,15.3,18.1,1,Tentative,PIPE COMP,3,-1%,0%,-1%,2%,2%,-1%,0%,2%,DROP
INTR_15PHW_COMP_CNT,16.4,16.4,15.0,18.2,1,Tentative,INTR,0,0%,-2%,1%,3%,1%,0%,-4%,4%,DROP
SEC_SVC_15STS_WON_DTL_REVN_COMP_SUM_C,16.0,16.4,13.4,18.3,1,Tentative,PIPE COMP,3,-2%,-2%,-3%,4%,1%,-1%,3%,4%,KEEP
PG_CAT_PRD,16.7,16.3,15.7,18.4,1,Tentative,WEB,4,4%,-1%,3%,-4%,0%,-2%,-3%,4%,DROP
MAINFRM_HW_15MHW_COMP_YIELD_C,16.1,16.2,13.6,18.0,1,Tentative,PIPE COMP,3,-1%,-4%,2%,3%,3%,-2%,-4%,4%,DROP
PAG_EVNT_COMP_CNT_1YR,16.3,16.2,14.4,17.9,1,Tentative,WEB,4,-1%,-3%,1%,3%,2%,0%,-3%,3%,DROP
CHN_NM_DI_RESP_INDIV_CNT_1YR,16.2,16.1,14.0,18.1,1,Tentative,CHANNEL,0,-1%,-2%,2%,0%,2%,-1%,0%,2%,DROP
WATSONHEALTH_10L00_WON_DTL_REVN_COMP_SUM_C,15.7,16.1,13.8,17.3,1,Tentative,PIPE COMP,4,-1%,-1%,-2%,-1%,1%,25%,-2%,25%,DROP
ASSET_MGMT_20B1A_LEAD_COMP_SUM_C,15.7,16.1,13.6,17.4,1,Tentative,PIPE COMP,1,-2%,11%,-6%,5%,0%,0%,-4%,11%,KEEP
OO_TS_COMP_YIELD_C,16.0,16.0,14.9,17.9,1,Tentative,PIPE COMP,3,-6%,-6%,1%,12%,-1%,-3%,-2%,12%,DROP
CHN_T_VL_INDIV_CNT_1YR,16.0,16.0,14.7,17.4,1,Tentative,CHANNEL,0,0%,-3%,2%,1%,0%,-1%,-1%,3%,DROP
FIN_GRP_10H00_LEAD_INDIV_SUM_I_FLG,16.0,16.0,14.5,18.0,1,Confirmed,FLG,FLG,-1%,-2%,1%,0%,6%,-1%,-2%,6%,DROP
PG_CAT_SLTN,15.9,16.0,13.9,17.3,1,Tentative,WEB,4,5%,-2%,2%,-4%,1%,-2%,-2%,5%,DROP
ON_PRM_APP_DEV_20J3T_COMP_YIELD_C,15.7,15.9,13.9,17.3,1,Tentative,PIPE COMP,3,-4%,-4%,-6%,16%,2%,-2%,-5%,16%,DROP
PG_CAT_REG,15.5,15.9,13.5,16.8,1,Tentative,WEB,4,3%,-1%,3%,-4%,1%,-2%,-2%,4%,DROP
HYBRID_CLOUD_15CAI_LEAD_INDIV_SUM_I_FLG,15.7,15.9,13.2,17.3,1,Confirmed,FLG,FLG,-2%,-2%,-4%,11%,-1%,-1%,-3%,11%,KEEP
Z_IT_MGMT_20C05_WON_DTL_REVN_COMP_SUM_C,16.0,15.8,13.1,17.8,1,Tentative,PIPE COMP,4,0%,-2%,2%,1%,1%,-1%,-2%,2%,DROP
INTR_20CCM_COMP_CNT,16.5,15.8,14.7,19.5,1,Tentative,INTR,1,0%,-2%,1%,3%,0%,0%,-3%,3%,DROP
ALL_OTHER_UT20_15CLV_LEAD_COMP_SUM_C_FLG,15.6,15.8,13.4,18.0,1,Confirmed,FLG,FLG,-1%,2%,-1%,2%,0%,-1%,-1%,2%,DROP
Z_OS_20C09_COMP_YIELD_C,15.7,15.8,14.7,16.5,1,Tentative,PIPE COMP,4,-1%,-2%,2%,2%,1%,-1%,-3%,3%,DROP
Z_TRANS_INTGR_20C03_COMP_YIELD_C,15.9,15.7,13.4,17.4,1,Tentative,PIPE COMP,4,0%,-3%,2%,2%,1%,-1%,-3%,3%,DROP
TLNT_ACQ_20B0T_COMP_YIELD_C,16.0,15.7,14.3,17.5,1,Tentative,PIPE COMP,4,-1%,7%,-1%,0%,1%,0%,-3%,7%,DROP
UT_LVL_30_CD_INTENT_NEW_UNKNOWN,15.7,15.6,15.1,16.8,1,Tentative,LAST TOUCH UT,CAT,-3%,0%,-1%,3%,2%,-1%,1%,3%,DROP
PG_CAT_UNSP,15.6,15.6,14.0,17.4,1,Tentative,WEB,4,4%,-1%,1%,-4%,0%,-2%,-1%,4%,DROP
CHN_NM_DI_ECLCK_INDIV_CNT_1YR,16.4,15.6,14.9,19.3,1,Tentative,CHANNEL,0,-1%,-3%,2%,2%,2%,-1%,-2%,3%,DROP
Z_TRANS_SYS_20C04_LEAD_COMP_SUM_C_FLG,15.7,15.6,13.4,17.8,1,Confirmed,FLG,FLG,-1%,-2%,1%,1%,1%,0%,-2%,2%,DROP
JOB_CTGY_CD_MANAGEMENT,15.8,15.6,14.9,18.3,1,Tentative,OTHER,CAT,-3%,2%,0%,2%,0%,1%,1%,3%,KEEP
UT_LVL_20_CD_INTENT_NEW_UNKNOWN,15.3,15.6,12.9,17.8,1,Tentative,LAST TOUCH UT,CAT,-1%,0%,-4%,3%,2%,-1%,1%,4%,DROP
CLD_APP_DEV_20J2W_COMP_YIELD_C,15.4,15.6,13.1,17.2,1,Tentative,PIPE COMP,1,-3%,-3%,-5%,13%,2%,-2%,-5%,13%,DROP
THREAT_MGMT_SVC_20B1I_COMP_YIELD_C,15.5,15.6,13.3,18.6,1,Tentative,PIPE COMP,4,-1%,-2%,-2%,2%,1%,-1%,2%,2%,DROP
WAT_MEDIA_15CLV_LEAD_COMP_SUM_C_FLG,15.6,15.6,13.8,17.1,1,Confirmed,FLG,FLG,-1%,4%,-2%,2%,0%,-1%,-2%,4%,DROP
INDUSTRY_BIN_A,15.4,15.5,13.6,17.4,1,Tentative,INDUSTRY,CAT,0%,-2%,-1%,4%,-3%,-4%,1%,4%,KEEP
UT_LVL_20_CD_INTENT_NEW_CLIENT_CARE,15.7,15.5,13.7,18.8,1,Tentative,LAST TOUCH UT,CAT,3%,0%,-1%,-1%,-1%,0%,0%,3%,DROP
DATA_AI_15ANP_COMP_YIELD_C,15.6,15.5,14.4,16.9,1,Tentative,PIPE COMP,2,10%,-5%,-6%,2%,4%,-1%,-8%,10%,KEEP
HYB_CLD_SEC_20J2O_WON_DTL_REVN_COMP_SUM_C_FLG,15.6,15.5,14.2,17.3,1,Confirmed,FLG,FLG,-2%,-2%,-3%,7%,0%,-1%,-1%,7%,DROP
WATSONHEALTH_10L00_COMP_YIELD_C,15.8,15.5,14.6,17.5,1,Tentative,PIPE COMP,4,-1%,-1%,-2%,-1%,1%,24%,-2%,24%,DROP
OI_TECH_SALES_LEAD_INDIV_SUM_I_FLG,15.5,15.4,14.3,16.9,1,Confirmed,FLG,FLG,2%,-1%,3%,-2%,-1%,-1%,-1%,3%,DROP
UT20_OFFER_20AJ5_COMP_CNT_1YR,15.4,15.4,13.7,17.8,1,Tentative,OFFER,1,1%,-1%,-1%,1%,1%,2%,-2%,2%,DROP
INTR_20A11_COMP_CNT,15.7,15.4,15.0,16.9,1,Tentative,INTR,0,3%,-1%,-2%,0%,2%,0%,-2%,3%,DROP
CUST_TRNS_20J10_WON_DTL_REVN_COMP_SUM_C,15.3,15.4,12.7,17.4,1,Tentative,PIPE COMP,2,-3%,-2%,-5%,11%,2%,-1%,-4%,11%,DROP
INF_AAS_20GAA_COMP_YIELD_C,15.4,15.4,12.2,20.1,1,Tentative,PIPE COMP,2,-1%,-3%,-5%,8%,2%,-1%,-2%,8%,DROP
COMP_INST_FLG_AMAZON,15.3,15.4,14.2,16.5,1,Tentative,COMP INST,0,0%,1%,-4%,2%,1%,1%,0%,4%,KEEP
ENTR_APP_MGMT_ON_PRM_20J3H_LEAD_COMP_SUM_C,15.7,15.3,14.5,17.4,1,Tentative,PIPE COMP,2,-4%,-2%,-6%,13%,2%,-1%,-4%,13%,KEEP
CLD_MDRN_20JMW_WON_DTL_REVN_COMP_SUM_C,15.4,15.3,14.0,17.4,1,Tentative,PIPE COMP,1,-2%,-2%,-4%,9%,0%,-1%,-3%,9%,DROP
CLD_APP_MGMT_20J01_LEAD_COMP_SUM_C,15.5,15.3,14.0,17.4,1,Tentative,PIPE COMP,1,-3%,-2%,-5%,13%,0%,-1%,-4%,13%,KEEP
ID_MGMT_20B14_COMP_YIELD_C,15.5,15.3,12.7,17.1,1,Tentative,PIPE COMP,2,0%,-3%,-1%,2%,1%,-1%,-1%,3%,DROP
CLD_MGMT_20APO_WON_LEAD_COMP_SUM_C,15.4,15.2,14.6,16.6,1,Tentative,PIPE COMP,1,2%,-2%,-3%,5%,2%,-1%,-4%,5%,DROP
UT20_OFFER_20A0K_COMP_CNT_60DAYS,14.8,15.1,11.5,18.5,1,Tentative,OFFER,1,0%,-3%,2%,1%,2%,1%,-2%,3%,DROP
REDHAT_MKTPL_15S8X_LEAD_COMP_SUM_C_FLG,14.8,15.1,12.3,16.0,1,Confirmed,FLG,FLG,-1%,0%,-1%,3%,-1%,-1%,-1%,3%,DROP
INTR_GTS_COMP_CNT,15.2,15.1,13.6,17.6,1,Tentative,INTR,0,2%,0%,-2%,-1%,2%,1%,-1%,2%,DROP
UT_LVL_20_CD_INTENT_NEW_DATA_SCIENCE,15.0,15.1,13.7,15.8,1,Tentative,LAST TOUCH UT,CAT,4%,-2%,2%,-3%,-1%,2%,-3%,4%,KEEP
Z_LINUX_H_20C07_COMP_YIELD_C,15.1,15.1,13.8,17.2,1,Tentative,PIPE COMP,4,-1%,-3%,3%,2%,3%,-1%,-4%,4%,DROP
SECURITY_10N00_INDIV_YIELD_I,14.8,15.0,12.5,17.2,1,Tentative,PIPE INDIV,4,-3%,-2%,-3%,-3%,-1%,-1%,14%,14%,KEEP
COMP_INST_FLG_MICROFOCUS,14.6,15.0,11.8,16.6,1,Tentative,COMP INST,0,-1%,0%,-3%,2%,1%,1%,0%,3%,KEEP
"EMP_CNT_SEG_[5K,50K)",15.4,15.0,14.3,18.0,1,Tentative,EMP_CNT_SEG,1,2%,0%,-2%,1%,-2%,-1%,0%,2%,KEEP
BJ_UT10_LRN_SEC_COMP_CNT_60DAYS,14.7,14.9,11.6,17.1,1,Tentative,BJ,0,-1%,-2%,-1%,2%,2%,0%,0%,2%,DROP
SECURITY_10N00_WON_LEAD_COMP_SUM_C,14.9,14.9,14.2,15.5,1,Tentative,PIPE COMP,3,-5%,-4%,-5%,1%,1%,-1%,15%,15%,KEEP
OI_MARKETING_COMP_YIELD_C,14.9,14.9,13.8,16.0,1,Tentative,PIPE COMP,3,0%,1%,-1%,1%,1%,0%,-1%,1%,DROP
MAINFRM_SW_15MFT_COMP_YIELD_C,14.9,14.8,13.1,17.2,1,Tentative,PIPE COMP,3,0%,-3%,1%,3%,2%,-1%,-4%,4%,DROP
CLD_MGMT_20APO_COMP_YIELD_C,15.0,14.8,14.1,16.2,1,Tentative,PIPE COMP,1,2%,-3%,-2%,5%,3%,-1%,-5%,5%,DROP
Z_DEV_OPS_20C01_WON_DTL_REVN_COMP_SUM_C,14.8,14.8,13.6,15.5,1,Tentative,PIPE COMP,4,0%,-2%,1%,2%,1%,-1%,-2%,2%,DROP
STOR_HYB_CLD_20COP_LEAD_INDIV_SUM_I_FLG,14.8,14.8,12.9,17.0,1,Confirmed,FLG,FLG,-5%,-3%,12%,-1%,-1%,-1%,-3%,12%,DROP
COMP_INST_FLG_AUTODESK,14.9,14.7,13.5,16.5,1,Tentative,COMP INST,0,-1%,2%,-3%,2%,1%,0%,0%,3%,DROP
FIN_GRP_10H00_WON_LEAD_COMP_SUM_C,14.5,14.7,12.3,15.8,1,Tentative,PIPE COMP,2,-3%,-3%,-2%,7%,9%,-1%,-5%,9%,DROP
TSS_MULTI_VEND_20G19_LEAD_INDIV_SUM_I_FLG,14.5,14.6,13.1,16.0,1,Confirmed,FLG,FLG,-2%,-2%,0%,6%,-1%,-1%,-2%,6%,DROP
COG_SYS_15PHW_COMP_YIELD_C,14.3,14.6,12.6,15.0,1,Tentative,PIPE COMP,2,-6%,-6%,10%,3%,5%,-1%,-7%,10%,DROP
CLD_APP_DEV_20J2W_WON_DTL_REVN_COMP_SUM_C,14.6,14.6,12.1,16.9,1,Tentative,PIPE COMP,1,-2%,-2%,-4%,9%,0%,-1%,-3%,9%,DROP
ALL_OTHER_UT20_15WCG_COMP_YIELD_C,14.2,14.6,12.8,15.3,1,Tentative,PIPE COMP,1,0%,0%,-1%,3%,1%,-1%,-2%,3%,DROP
STOR_ZSYS_20C9O_COMP_YIELD_C,14.4,14.5,11.0,16.4,1,Tentative,PIPE COMP,4,-2%,-3%,5%,2%,2%,-1%,-4%,5%,DROP
Z_LINUX_M_20C08_WON_DTL_REVN_COMP_SUM_C,14.7,14.5,13.1,16.8,1,Tentative,PIPE COMP,4,-1%,-1%,3%,1%,2%,-1%,-3%,3%,DROP
BJ_UT10_BUY_CNDP_COMP_CNT_1YR,14.1,14.5,11.3,16.1,1,Tentative,BJ,0,0%,-3%,2%,2%,1%,-1%,-3%,3%,DROP
DB_ZOS_20AYJ_WON_DTL_REVN_COMP_SUM_C,13.6,14.5,10.2,15.7,1,Tentative,PIPE COMP,2,0%,-2%,2%,1%,1%,-1%,-2%,2%,DROP
IBM_AUTO_15IGO_COMP_YIELD_C,14.4,14.4,13.7,15.3,1,Tentative,PIPE COMP,2,5%,-5%,-4%,5%,4%,-2%,-7%,7%,DROP
SEC_THREAT_MGMT_20NYE_COMP_YIELD_C,14.1,14.4,12.0,16.8,1,Tentative,PIPE COMP,3,-2%,-3%,-2%,2%,2%,0%,5%,5%,DROP
CMPLX_ENG_20B1C_WON_DTL_REVN_COMP_SUM_C,14.2,14.4,13.3,15.1,1,Tentative,PIPE COMP,2,-1%,4%,-2%,2%,0%,0%,-3%,4%,DROP
DATA_TECH_TRNS_20J05_COMP_YIELD_C,14.2,14.3,11.7,16.0,1,Tentative,PIPE COMP,2,-3%,-2%,-6%,14%,3%,-1%,-5%,14%,DROP
BJ_BUY_COMP_CNT_60DAYS,14.4,14.3,12.4,17.4,1,Tentative,BJ,0,-2%,-3%,4%,2%,2%,-1%,-3%,4%,DROP
PAG_UT10_OTH_SYSWT_COMP_CNT_1YR,14.3,14.3,12.2,16.1,1,Tentative,WEB,4,-1%,-3%,3%,2%,1%,0%,-2%,3%,DROP
FIN_GRP_10H00_COMP_YIELD_C,14.2,14.2,11.6,16.1,1,Tentative,PIPE COMP,2,-3%,-4%,-1%,5%,13%,-2%,-6%,13%,KEEP
INDUSTRY_BIN_C,13.9,14.2,12.0,15.1,1,Tentative,INDUSTRY,CAT,1%,3%,-1%,-2%,-2%,4%,0%,4%,KEEP
DATA_TECH_TRNS_20J05_LEAD_INDIV_SUM_I_FLG,14.0,14.2,12.4,16.3,1,Confirmed,FLG,FLG,-2%,-1%,-4%,9%,-1%,-1%,-3%,9%,KEEP
BJ_UT20_LRN_20B0Z_COMP_CNT_1YR,13.4,14.2,11.2,15.5,1,Tentative,BJ,0,-2%,-3%,0%,1%,2%,-1%,2%,3%,DROP
DB_ZOS_20AYJ_COMP_YIELD_C,13.9,14.1,10.4,16.5,1,Tentative,PIPE COMP,2,0%,-2%,2%,2%,2%,-1%,-3%,3%,DROP
PAG_UT10_DNMM_CA_COMP_CNT_1YR,13.9,14.0,11.1,16.4,1,Tentative,WEB,4,-1%,1%,-2%,2%,2%,0%,-2%,2%,DROP
STOR_CYBER_RES_20CSN_WON_DTL_REVN_COMP_SUM_C,13.7,14.0,11.0,15.8,1,Tentative,PIPE COMP,3,-1%,-2%,3%,2%,1%,-1%,-3%,3%,DROP
SEC_THREAT_MGMT_20NYE_LEAD_INDIV_SUM_I_FLG,14.3,14.0,11.2,18.1,1,Confirmed,FLG,FLG,-3%,-2%,-3%,-3%,-1%,-1%,14%,14%,KEEP
Z_IT_MGMT_20C05_COMP_YIELD_C,13.4,14.0,10.7,15.4,1,Tentative,PIPE COMP,4,0%,-2%,2%,2%,1%,-1%,-3%,3%,DROP
DATA_SEC_20B15_COMP_YIELD_C,13.5,14.0,10.4,15.5,1,Tentative,PIPE COMP,2,0%,-2%,0%,1%,1%,0%,0%,2%,DROP
XFORCE_RED_OFF_20B1E_COMP_YIELD_C,13.6,14.0,11.6,14.9,1,Tentative,PIPE COMP,4,-1%,-1%,-2%,2%,0%,0%,1%,2%,DROP
COGAPP_10B00_COMP_YIELD_C,14.1,13.9,12.6,16.0,1,Tentative,PIPE COMP,2,-3%,19%,-6%,1%,3%,-1%,-7%,19%,DROP
INTR_20A0N_COMP_CNT,13.6,13.9,11.0,15.2,1,Tentative,INTR,0,2%,2%,-2%,-1%,1%,2%,-1%,2%,DROP
STOR_NETW_20C0F_WON_DTL_REVN_COMP_SUM_C,14.2,13.9,10.8,17.0,1,Tentative,PIPE COMP,4,-2%,-2%,3%,2%,1%,-1%,-3%,3%,DROP
BUS_AREA_NAME_UNKNOWN,14.1,13.9,13.0,16.5,1,Tentative,BUS_AREA_NAME,CAT,-1%,0%,0%,3%,-1%,0%,-1%,3%,DROP
BJ_UT10_LRN_GTS_COMP_CNT_60DAYS,14.2,13.8,8.9,21.5,1,Tentative,BJ,0,0%,-2%,-1%,3%,2%,1%,-2%,3%,DROP
B2B_COLLAB_20B2P_COMP_YIELD_C,13.7,13.8,11.9,14.8,1,Tentative,PIPE COMP,1,-1%,11%,-3%,0%,1%,-1%,-4%,11%,DROP
IND_SCORE_NEW_E2,14.0,13.8,12.5,16.3,1,Tentative,OTHER,CAT,1%,-2%,2%,0%,-1%,-1%,-1%,2%,DROP
PAG_UT15_BNDS_15ANP_COMP_CNT_1YR,13.7,13.8,11.5,15.5,1,Tentative,WEB,4,-1%,-1%,0%,1%,3%,1%,-1%,3%,DROP
STOR_DATA_AI_20COE_WON_DTL_REVN_COMP_SUM_C,13.6,13.8,11.8,15.7,1,Tentative,PIPE COMP,3,-2%,-1%,4%,1%,0%,1%,-3%,4%,DROP
B2B_COLLAB_20B2P_LEAD_COMP_SUM_C,13.9,13.7,12.4,15.5,1,Tentative,PIPE COMP,1,0%,9%,-3%,1%,0%,0%,-4%,9%,KEEP
SYSTEMS_10C00_INDIV_YIELD_I,13.7,13.7,10.3,16.5,1,Tentative,PIPE INDIV,4,-3%,-3%,9%,-1%,-1%,-1%,-3%,9%,DROP
DATA_AI_15ANP_INDIV_YIELD_I,13.8,13.6,12.9,14.8,1,Tentative,PIPE INDIV,4,8%,-2%,-2%,-2%,-1%,-1%,-3%,8%,KEEP
ON_PRM_MDRN_20JVJ_WON_DTL_REVN_COMP_SUM_C,13.6,13.6,12.0,15.5,1,Tentative,PIPE COMP,3,-3%,-3%,-3%,10%,1%,-1%,-3%,10%,DROP
TLNT_DEV_20B0U_COMP_YIELD_C,13.7,13.6,10.6,15.9,1,Tentative,PIPE COMP,4,-1%,1%,-1%,3%,2%,-1%,-3%,3%,DROP
ENTR_LINUX_20C0G_LEAD_COMP_SUM_C_FLG,13.4,13.6,10.1,15.1,1,Confirmed,FLG,FLG,-1%,-2%,4%,0%,-1%,0%,-2%,4%,DROP
SEC_THREAT_MGMT_20NYE_WON_LEAD_COMP_SUM_C,13.7,13.6,11.8,16.2,1,Tentative,PIPE COMP,3,-2%,-3%,-3%,1%,0%,-1%,7%,7%,DROP
COGAPP_10B00_WON_LEAD_COMP_SUM_C,13.4,13.6,10.4,15.7,1,Tentative,PIPE COMP,2,-2%,14%,-5%,3%,1%,-1%,-6%,14%,DROP
CHN_NM_DI_ECLCK_COMP_CNT_60DAYS,13.8,13.6,11.2,16.3,1,Tentative,CHANNEL,0,0%,-3%,0%,3%,2%,-1%,-3%,3%,DROP
BJ_UT10_DIS_CNDP_COMP_CNT_1YR,13.5,13.5,12.4,15.2,1,Tentative,BJ,0,1%,-1%,-1%,1%,1%,1%,-2%,2%,DROP
SEC_RES_PRJ_SVC_20GWT_COMP_YIELD_C,13.4,13.4,12.4,15.3,1,Tentative,PIPE COMP,3,-1%,-2%,-4%,7%,2%,-1%,-1%,7%,DROP
COG_SYS_15PHW_WON_LEAD_COMP_SUM_C,13.3,13.4,11.3,14.8,1,Tentative,PIPE COMP,2,-4%,-4%,8%,3%,3%,-1%,-6%,8%,DROP
UT10_OFFER_MISC_COMP_CNT_1YR,13.7,13.3,12.5,16.3,1,Tentative,OFFER,1,1%,-1%,-2%,3%,0%,1%,-2%,3%,DROP
TRAD_DIST_STOR_20C0M_WON_DTL_REVN_COMP_SUM_C,13.1,13.3,9.6,15.4,1,Tentative,PIPE COMP,4,-2%,-2%,3%,2%,2%,-1%,-2%,3%,DROP
SECURITY_10N00_WON_DTL_REVN_INDIV_SUM_I_FLG,13.6,13.2,11.1,16.0,1,Confirmed,FLG,FLG,-4%,-2%,-3%,-3%,-1%,-1%,16%,16%,KEEP
RESP_MONTH,13.1,13.2,10.7,15.3,1,Tentative,OTHER,1,2%,-1%,0%,1%,-3%,-3%,0%,3%,KEEP
BJ_UT20_LRN_20A0K_COMP_CNT_1YR,13.3,13.1,10.7,15.6,1,Tentative,BJ,0,1%,-2%,-1%,1%,2%,2%,-2%,2%,DROP
SEC_SVC_15STS_WON_LEAD_COMP_SUM_C,13.5,13.1,11.1,16.1,1,Tentative,PIPE COMP,3,-3%,-3%,-4%,6%,2%,-1%,3%,6%,DROP
BJ_UT10_TRY_SEC_COMP_CNT_1YR,13.2,13.0,11.5,14.6,1,Tentative,BJ,0,-2%,-2%,-1%,1%,2%,0%,2%,2%,DROP
CUST_TRNS_20J10_COMP_YIELD_C,12.8,13.0,10.5,15.4,1,Tentative,PIPE COMP,2,-4%,-3%,-6%,14%,3%,-1%,-5%,14%,DROP
COMP_REV_SEG_UNKNOWN,13.1,13.0,11.7,14.7,1,Tentative,COMP_REV_SEG,CAT,-2%,0%,2%,-1%,3%,0%,0%,3%,DROP
INTR_20A0M_COMP_CNT,13.0,12.9,10.3,15.3,1,Tentative,INTR,0,2%,-1%,-1%,0%,1%,0%,-2%,2%,DROP
COMP_TECH_20C02_WON_DTL_REVN_COMP_SUM_C,12.9,12.9,11.3,14.9,1,Tentative,PIPE COMP,2,0%,-1%,0%,2%,1%,-1%,-2%,2%,DROP
WAT_PAYER_20B1S_COMP_YIELD_C,12.9,12.8,11.3,14.3,1,Tentative,PIPE COMP,4,-1%,1%,-1%,0%,0%,10%,-2%,10%,DROP
BJ_UT20_LRN_20A11_COMP_CNT_1YR,13.1,12.8,10.5,14.9,1,Tentative,BJ,0,1%,-2%,-1%,2%,1%,0%,-2%,2%,DROP
SEC_SVC_15STS_COMP_YIELD_C,12.5,12.8,10.2,15.6,1,Tentative,PIPE COMP,3,-2%,-3%,-4%,6%,3%,-1%,1%,6%,DROP
UT20_OFFER_20D0F_COMP_CNT_1YR,13.2,12.8,11.1,14.9,1,Tentative,OFFER,1,1%,-2%,0%,1%,1%,0%,-1%,2%,DROP
INTR_20C09_COMP_CNT,12.8,12.7,9.8,16.0,1,Tentative,INTR,1,0%,-1%,0%,1%,1%,0%,-2%,2%,DROP
COMP_INST_FLG_IBM,13.1,12.7,11.9,14.5,1,Tentative,COMP INST,0,0%,0%,-3%,2%,1%,1%,0%,3%,DROP
BJ_UT10_LRN_CA_COMP_CNT_60DAYS,13.4,12.6,10.7,17.2,1,Tentative,BJ,0,0%,0%,-1%,1%,1%,1%,-2%,2%,DROP
SUPPLY_CHAIN_20B2O_COMP_YIELD_C,12.4,12.6,10.7,13.9,1,Tentative,PIPE COMP,4,0%,3%,-1%,0%,2%,-1%,-2%,3%,DROP
COMP_INST_FLG_CITRIX,12.3,12.5,10.3,13.7,1,Tentative,COMP INST,0,-1%,1%,-3%,2%,1%,1%,1%,3%,KEEP
COG_PROC_SVC_BPO_20J07_WON_DTL_REVN_COMP_SUM_C,12.3,12.5,10.7,13.9,1,Tentative,PIPE COMP,2,-2%,-2%,-4%,8%,1%,0%,-2%,8%,DROP
OI_MARKETING_WON_LEAD_COMP_SUM_C,12.6,12.5,11.7,13.5,1,Tentative,PIPE COMP,3,0%,0%,0%,2%,0%,1%,-2%,2%,DROP
INTR_15IGO_INDIV_CNT,12.8,12.4,10.2,16.8,1,Tentative,INTR,0,2%,1%,-2%,-1%,1%,0%,0%,2%,DROP
SECURITY_10N00_WON_LEAD_INDIV_SUM_I_FLG,12.1,12.4,9.2,14.1,1,Confirmed,FLG,FLG,-4%,-2%,-3%,-3%,-1%,-1%,16%,16%,KEEP
"COMP_REV_SEG_[100M,INF)",12.3,12.3,11.2,14.7,1,Tentative,COMP_REV_SEG,1,2%,0%,-2%,2%,-1%,0%,-2%,2%,KEEP
B2B_COLLAB_20B2P_WON_LEAD_COMP_SUM_C,12.5,12.3,11.3,14.0,1,Tentative,PIPE COMP,1,-1%,10%,-3%,0%,0%,-1%,-4%,10%,DROP
CLD_MDRN_20JMW_WON_LEAD_COMP_SUM_C,12.2,12.3,10.8,13.2,1,Tentative,PIPE COMP,1,-3%,-3%,-4%,11%,1%,-1%,-3%,11%,DROP
SEC_THREAT_MGMT_INFRS_20B0Z_COMP_YIELD_C,12.3,12.3,11.4,13.2,1,Tentative,PIPE COMP,3,-1%,-1%,-1%,1%,2%,-1%,1%,2%,DROP
ASSET_MGMT_20B1A_COMP_YIELD_C,11.9,12.3,9.6,13.5,1,Tentative,PIPE COMP,1,-1%,7%,-4%,2%,1%,0%,-4%,7%,DROP
CLD_APP_MGMT_20J01_WON_DTL_REVN_COMP_SUM_C,12.5,12.2,11.3,14.5,1,Tentative,PIPE COMP,1,-2%,-1%,-4%,9%,0%,-1%,-3%,9%,DROP
PUB_CLD_CONS_20A46_COMP_YIELD_C,12.3,12.2,11.4,13.4,1,Tentative,PIPE COMP,3,6%,-3%,-6%,4%,2%,-1%,-5%,6%,DROP
IND_SCORE_NEW_NW,12.7,12.2,11.4,14.7,1,Tentative,OTHER,CAT,0%,0%,1%,1%,-1%,0%,-1%,1%,DROP
IBM_AUTO_15IGO_INDIV_YIELD_I,12.0,12.2,11.0,12.7,1,Tentative,PIPE INDIV,4,5%,-1%,-1%,-1%,-1%,-1%,-3%,5%,DROP
STOR_DATA_AI_20COE_COMP_YIELD_C,12.0,12.1,10.1,13.8,1,Tentative,PIPE COMP,3,-1%,-2%,4%,1%,1%,0%,-4%,4%,DROP
PUB_CLD_INF_20D0C_WON_DTL_REVN_COMP_SUM_C,12.1,12.1,11.3,13.3,1,Tentative,PIPE COMP,3,4%,-1%,-3%,1%,1%,-1%,-3%,4%,DROP
COMP_INST_FLG_MICROSOFT,12.1,12.1,10.4,14.3,1,Tentative,COMP INST,0,-1%,1%,-3%,1%,1%,1%,1%,3%,KEEP
POWERAI_20C0R_WON_DTL_REVN_COMP_SUM_C,12.0,12.1,9.7,13.4,1,Tentative,PIPE COMP,3,-1%,-1%,3%,0%,0%,0%,-3%,3%,DROP
UT10_OFFER_SYSWT_COMP_CNT_60DAYS,12.3,12.0,10.8,14.7,1,Tentative,OFFER,1,-1%,-3%,3%,2%,2%,0%,-3%,3%,DROP
IND_SCORE_NEW_N3,12.1,12.0,10.1,13.7,1,Tentative,OTHER,CAT,1%,0%,-1%,-1%,-1%,0%,0%,1%,DROP
BJ_UT15_LRN_153QH_COMP_CNT_1YR,12.3,12.0,11.1,14.1,1,Tentative,BJ,0,1%,-1%,-1%,1%,2%,0%,-2%,2%,DROP
JOB_FUNCTION_BIN_C,11.8,12.0,10.3,13.4,1,Tentative,JOB_FUNCTION,CAT,2%,3%,-3%,-1%,1%,2%,-2%,3%,KEEP
UT20_OFFER_20D0C_COMP_CNT_1YR,11.9,11.9,10.7,12.5,1,Tentative,OFFER,1,-1%,-3%,3%,3%,0%,-1%,-2%,3%,DROP
CLD_PLATF_20A0X_WON_DTL_REVN_COMP_SUM_C,11.9,11.8,9.9,13.8,1,Tentative,PIPE COMP,2,1%,-1%,-1%,3%,1%,-1%,-3%,3%,DROP
IND_SCORE_NEW_E4,11.7,11.8,10.4,12.7,1,Tentative,OTHER,CAT,0%,0%,0%,0%,-1%,0%,1%,1%,DROP
INDUSTRY_BIN_B,11.7,11.8,9.4,13.1,1,Tentative,INDUSTRY,CAT,-1%,3%,-2%,2%,-1%,1%,-2%,3%,KEEP
ENTR_STRAT_20J09_WON_DTL_REVN_COMP_SUM_C,11.3,11.8,8.7,12.8,1,Tentative,PIPE COMP,2,-2%,-1%,-4%,8%,1%,0%,-3%,8%,DROP
CLD_APP_MGMT_20J01_COMP_YIELD_C,12.0,11.7,11.4,13.3,1,Tentative,PIPE COMP,1,-3%,-2%,-5%,11%,1%,-1%,-4%,11%,DROP
IND_SCORE_NEW_N5,11.8,11.7,9.6,13.0,1,Tentative,OTHER,CAT,0%,0%,0%,0%,0%,0%,-1%,1%,DROP
BJ_UT30_TRY_30AFV_COMP_CNT_1YR,11.8,11.7,10.7,13.2,1,Tentative,BJ,0,0%,-3%,2%,1%,1%,0%,-2%,3%,DROP
BJ_UT15_LRN_156UX_COMP_CNT_1YR,11.7,11.7,10.6,13.1,1,Tentative,BJ,0,0%,-1%,0%,2%,1%,1%,-2%,2%,DROP
CHN_NM_DI_ECLCK_INDIV_CNT_60DAYS,11.5,11.7,10.6,12.5,1,Tentative,CHANNEL,0,-2%,-3%,2%,2%,2%,-1%,-1%,3%,DROP
Z_DEV_OPS_20C01_COMP_YIELD_C,11.7,11.6,10.1,13.0,1,Tentative,PIPE COMP,4,0%,-2%,1%,2%,1%,-1%,-2%,2%,DROP
STORAGE_15STT_INDIV_YIELD_I,11.4,11.6,8.6,13.4,1,Tentative,PIPE INDIV,4,-3%,-2%,7%,0%,-1%,-1%,-2%,7%,DROP
PUB_CLD_CONS_20A46_WON_DTL_REVN_COMP_SUM_C,11.5,11.5,10.7,12.2,1,Tentative,PIPE COMP,3,2%,-2%,-3%,3%,1%,-1%,-2%,3%,DROP
IND_SCORE_NEW_E5,11.4,11.5,8.8,14.0,1,Tentative,OTHER,CAT,0%,1%,-1%,0%,0%,1%,1%,1%,DROP
FIN_SUPPLY_CHAIN_TRNS_20J06_WON_DTL_REVN_COMP_SUM_C,11.2,11.4,9.2,12.7,1,Tentative,PIPE COMP,2,-2%,-2%,-3%,9%,0%,-1%,-3%,9%,DROP
EMP_CNT_SEG_BIN_A,11.5,11.4,10.4,13.0,1,Tentative,EMP_CNT_SEG,CAT,2%,1%,-1%,0%,-1%,0%,-1%,2%,DROP
ENTR_APP_20J03_LEAD_COMP_SUM_C,11.3,11.4,10.1,12.7,1,Tentative,PIPE COMP,2,-4%,-2%,-7%,14%,2%,-1%,-4%,14%,KEEP
PUB_CLD_INF_20D0C_COMP_YIELD_C,11.5,11.4,10.6,12.3,1,Tentative,PIPE COMP,3,5%,-2%,-4%,1%,2%,-1%,-3%,5%,DROP
UT_LVL_15_CD_INTENT_NEW_BIN_A,11.5,11.4,9.7,13.2,1,Tentative,LAST TOUCH UT,CAT,-4%,-1%,3%,0%,-1%,0%,3%,4%,DROP
UT20_OFFER_20A0M_COMP_CNT_60DAYS,11.9,11.3,10.7,15.6,1,Tentative,OFFER,1,0%,-3%,2%,1%,1%,0%,-3%,3%,DROP
UT15_OFFER_15MSC_COMP_CNT_1YR,11.4,11.2,10.8,12.5,1,Tentative,OFFER,1,1%,-2%,-2%,3%,1%,1%,-2%,3%,DROP
BJ_UT20_TRY_20A0M_COMP_CNT_1YR,11.8,11.2,10.1,13.6,1,Tentative,BJ,0,1%,-3%,1%,1%,1%,-1%,-4%,4%,DROP
UT10_OFFER_WH_COMP_CNT_1YR,11.4,11.2,10.1,14.2,1,Tentative,OFFER,1,0%,-2%,-1%,2%,1%,4%,-1%,4%,DROP
CMPLX_ENG_20B1C_COMP_YIELD_C,10.6,11.0,6.6,12.6,1,Tentative,PIPE COMP,2,-1%,5%,-3%,3%,1%,-1%,-3%,5%,DROP
STOR_OPS_20C0U_COMP_YIELD_C,11.1,11.0,8.8,13.2,1,Tentative,PIPE COMP,4,-5%,-4%,8%,2%,4%,-1%,-5%,8%,KEEP
CHN_T_HYB_COMP_CNT_1YR,11.0,11.0,9.0,12.8,1,Tentative,CHANNEL,0,1%,-2%,0%,1%,-1%,0%,-1%,2%,DROP
OO_BP_LEAD_INDIV_SUM_I_FLG,10.9,11.0,9.6,12.1,1,Confirmed,FLG,FLG,4%,2%,2%,-6%,-2%,-2%,0%,6%,DROP
COMP_INST_FLG_VMWARE,10.7,10.9,9.4,11.4,1,Tentative,COMP INST,0,0%,0%,-3%,1%,1%,1%,1%,3%,DROP
LDR_INDIV_YIELD_I,10.6,10.9,9.3,11.7,1,Tentative,PIPE INDIV,4,1%,0%,-2%,-2%,-1%,-1%,4%,4%,DROP
LDR_WON_DTL_REVN_INDIV_SUM_I,10.8,10.9,9.7,12.1,1,Tentative,PIPE INDIV,4,0%,-1%,0%,0%,-1%,-1%,2%,2%,DROP
PARENT_ASSET_BUYERS_JOURNEY_BUY_ADOPT_ADVOCATE,10.7,10.8,9.1,12.8,1,Tentative,PARENT_ASSET_BUYERS_JOURNEY,CAT,-2%,-2%,4%,0%,0%,-1%,-1%,4%,DROP
BJ_UT10_LRN_SYSWT_COMP_CNT_60DAYS,11.3,10.8,8.3,15.1,1,Tentative,BJ,0,0%,-2%,1%,1%,2%,1%,-2%,2%,DROP
STOR_DATA_AI_20COE_LEAD_COMP_SUM_C,10.5,10.8,7.7,12.0,1,Tentative,PIPE COMP,3,-3%,-3%,7%,1%,0%,1%,-5%,7%,DROP
UT10_OFFER_GBS_COMP_CNT_60DAYS,11.1,10.7,10.2,12.1,1,Tentative,OFFER,1,0%,-2%,-1%,3%,1%,0%,-1%,3%,DROP
UT_LVL_10_CD_INTENT_NEW_10B00,10.7,10.7,10.3,11.1,1,Tentative,LAST TOUCH UT,CAT,-2%,9%,-2%,-1%,0%,0%,-1%,9%,KEEP
CLD_MDRN_20JMW_COMP_YIELD_C,10.5,10.6,9.3,11.7,1,Tentative,PIPE COMP,1,-3%,-2%,-5%,11%,2%,-2%,-4%,11%,DROP
"EMP_CNT_SEG_[100,5K)",10.5,10.6,9.3,11.5,1,Tentative,EMP_CNT_SEG,1,1%,0%,0%,-1%,-1%,0%,1%,1%,DROP
BJ_UT20_LRN_20B0X_COMP_CNT_1YR,10.9,10.6,10.1,13.0,1,Tentative,BJ,0,-1%,-2%,-1%,2%,2%,1%,-1%,2%,DROP
ENTR_APP_MGMT_ON_PRM_20J3H_WON_DTL_REVN_COMP_SUM_C,10.9,10.5,9.7,13.1,1,Tentative,PIPE COMP,2,-3%,-2%,-4%,10%,2%,-1%,-3%,10%,DROP
COMP_INST_FLG_ADOBE,10.6,10.5,9.3,12.4,1,Tentative,COMP INST,0,0%,1%,-3%,1%,1%,1%,1%,3%,KEEP
COMP_INST_FLG_SALESFORCE,10.3,10.5,9.1,12.0,1,Tentative,COMP INST,0,0%,1%,-4%,1%,1%,2%,1%,4%,KEEP
COMP_INST_FLG_CISCO,10.2,10.5,9.1,11.0,1,Tentative,COMP INST,0,0%,1%,-3%,1%,1%,1%,1%,3%,KEEP
DAS_20B1J_COMP_YIELD_C,10.3,10.5,8.3,12.4,1,Tentative,PIPE COMP,2,-2%,-1%,-2%,5%,1%,-1%,0%,5%,DROP
CHN_T_HYB_COMP_CNT_60DAYS,11.0,10.5,7.7,14.6,1,Tentative,CHANNEL,0,0%,-2%,0%,2%,0%,0%,-1%,2%,DROP
ENTR_APP_20J03_WON_DTL_REVN_COMP_SUM_C,10.6,10.5,8.0,13.2,1,Tentative,PIPE COMP,2,-3%,-2%,-5%,11%,2%,-1%,-3%,11%,DROP
DATA_SCI_20A0K_WON_DTL_REVN_COMP_SUM_C,10.4,10.4,10.0,10.7,1,Tentative,PIPE COMP,2,2%,-1%,-2%,2%,1%,0%,-3%,3%,DROP
ENTR_CLD_STRAT_20JHE_WON_DTL_REVN_COMP_SUM_C,10.5,10.4,9.0,11.8,1,Tentative,PIPE COMP,2,-2%,-2%,-3%,8%,0%,-1%,-3%,8%,DROP
OI_DIGITAL_BRAND_SALES_LEAD_INDIV_SUM_I_FLG,10.3,10.4,9.3,11.5,1,Confirmed,FLG,FLG,-1%,-1%,-2%,-1%,-2%,-1%,7%,7%,DROP
UT20_OFFER_20D0C_COMP_CNT_60DAYS,10.6,10.4,9.2,13.1,1,Tentative,OFFER,1,-2%,-3%,4%,2%,0%,-1%,-2%,4%,DROP
OI_BRAND_SALES_WON_DTL_REVN_INDIV_SUM_I,10.6,10.4,7.9,15.4,1,Tentative,PIPE INDIV,4,-1%,-2%,0%,4%,0%,-1%,-2%,4%,DROP
IND_SCORE_NEW_E3,10.6,10.3,8.7,13.0,1,Tentative,OTHER,CAT,0%,-1%,1%,0%,-1%,-1%,0%,1%,DROP
STOR_OPS_20C0U_WON_DTL_REVN_COMP_SUM_C,10.4,10.3,8.9,12.1,1,Tentative,PIPE COMP,4,-3%,-3%,5%,2%,2%,-1%,-3%,5%,DROP
STOR_CYBER_RES_20CSN_COMP_YIELD_C,10.3,10.3,9.5,11.4,1,Tentative,PIPE COMP,3,-4%,-4%,7%,3%,2%,-2%,-5%,7%,DROP
UT10_OFFER_MISC_COMP_CNT_60DAYS,10.3,10.3,9.4,11.1,1,Tentative,OFFER,1,-1%,-2%,0%,2%,1%,1%,-1%,2%,DROP
ON_PRM_MDRN_20JVJ_COMP_YIELD_C,10.0,10.3,8.6,11.2,1,Tentative,PIPE COMP,3,-3%,-3%,-4%,12%,2%,-1%,-4%,12%,DROP
COMP_INST_FLG_ORACLE,10.5,10.3,9.0,12.9,1,Tentative,COMP INST,0,0%,1%,-3%,2%,1%,1%,0%,3%,KEEP
DGTL_BUS_AUTO_20A0Y_WON_DTL_REVN_COMP_SUM_C,10.2,10.2,9.6,10.8,1,Tentative,PIPE COMP,2,3%,-3%,-2%,3%,1%,-1%,-3%,3%,DROP
UT15_OFFER_15MHW_COMP_CNT_60DAYS,10.2,10.2,9.2,10.9,1,Tentative,OFFER,1,-2%,-3%,2%,2%,2%,0%,-2%,3%,DROP
CIS_20B1F_WON_DTL_REVN_COMP_SUM_C,9.9,10.2,7.6,11.4,1,Tentative,PIPE COMP,1,-2%,-2%,-3%,5%,1%,0%,1%,5%,DROP
RESP_QUARTER,10.3,10.1,9.4,12.0,1,Tentative,OTHER,1,1%,-1%,0%,1%,-3%,-3%,0%,3%,KEEP
ENTR_CLD_STRAT_20JHE_COMP_YIELD_C,9.9,10.1,8.2,11.5,1,Tentative,PIPE COMP,2,-2%,-2%,-4%,9%,1%,-1%,-3%,9%,DROP
STREAM_20D0A_LEAD_COMP_SUM_C_FLG,10.0,10.1,7.9,11.7,1,Confirmed,FLG,FLG,0%,4%,-2%,1%,0%,0%,-2%,4%,DROP
CLD_PLATF_20A0X_WON_LEAD_COMP_SUM_C,10.1,10.1,9.0,11.2,1,Tentative,PIPE COMP,2,3%,-3%,-2%,4%,2%,-2%,-5%,5%,DROP
OI_SVCS_DELIVERY_LEAD_INDIV_SUM_I_FLG,9.9,10.1,7.0,11.5,1,Confirmed,FLG,FLG,-2%,-1%,-3%,8%,0%,-1%,-2%,8%,DROP
COMP_INST_FLG_FB,10.2,10.0,9.0,12.3,1,Tentative,COMP INST,0,0%,1%,-3%,1%,1%,1%,0%,3%,DROP
INTR_15MFT_COMP_CNT,9.7,10.0,7.7,12.2,1,Tentative,INTR,0,0%,-2%,0%,2%,1%,0%,-2%,2%,DROP
COMP_INST_FLG_DELL,9.8,10.0,8.5,10.7,1,Tentative,COMP INST,0,0%,1%,-3%,2%,1%,1%,1%,3%,DROP
DATAOPS_20A0N_WON_DTL_REVN_COMP_SUM_C,10.4,9.9,9.1,13.7,1,Tentative,PIPE COMP,2,2%,-2%,-2%,3%,1%,-1%,-3%,3%,DROP
OI_BP_LEAD_INDIV_SUM_I_FLG,9.6,9.9,8.1,10.6,1,Confirmed,FLG,FLG,0%,-1%,1%,1%,0%,-1%,-1%,1%,DROP
DATA_SCI_20A0K_COMP_YIELD_C,9.9,9.9,9.1,11.2,1,Tentative,PIPE COMP,2,7%,-3%,-4%,1%,2%,1%,-5%,7%,DROP
ENTR_STRAT_20J09_COMP_YIELD_C,10.3,9.9,9.2,12.6,1,Tentative,PIPE COMP,2,-3%,-2%,-5%,10%,2%,-1%,-4%,10%,DROP
IND_SCORE_NEW_N4,9.6,9.9,8.0,11.3,1,Tentative,OTHER,CAT,1%,-1%,0%,0%,0%,1%,0%,1%,DROP
JOB_FUNCTION_BIN_B,9.7,9.8,7.8,10.7,1,Tentative,JOB_FUNCTION,CAT,0%,2%,-2%,1%,0%,0%,1%,2%,KEEP
INTR_15ANP_INDIV_CNT,10.1,9.8,8.5,12.9,1,Tentative,INTR,0,2%,0%,-2%,-1%,1%,0%,0%,2%,DROP
INTR_WH_COMP_CNT,9.8,9.8,7.3,10.9,1,Tentative,INTR,0,1%,0%,-2%,0%,1%,3%,-1%,3%,DROP
CMPLX_ENG_20B1C_LEAD_COMP_SUM_C,9.8,9.8,8.4,10.7,1,Tentative,PIPE COMP,2,-2%,9%,-3%,2%,0%,0%,-3%,9%,KEEP
COMP_INST_FLG_GOOGLE,9.7,9.7,9.1,10.7,1,Tentative,COMP INST,0,0%,1%,-3%,1%,1%,1%,0%,3%,DROP
Z_LINUX_M_20C08_COMP_YIELD_C,10.0,9.7,9.3,11.3,1,Tentative,PIPE COMP,4,-1%,-2%,2%,1%,2%,-1%,-3%,3%,DROP
STOR_NETW_20C0F_COMP_YIELD_C,9.5,9.7,7.0,11.6,1,Tentative,PIPE COMP,4,-3%,-3%,6%,3%,2%,-1%,-4%,6%,DROP
BJ_UT10_TRY_CA_COMP_CNT_1YR,9.5,9.6,8.5,10.3,1,Tentative,BJ,0,0%,2%,-1%,2%,2%,0%,-3%,3%,DROP
UT15_OFFER_15STT_COMP_CNT_60DAYS,9.7,9.6,8.6,11.2,1,Tentative,OFFER,1,-2%,-3%,4%,2%,2%,0%,-2%,4%,KEEP
UT20_OFFER_20APO_COMP_CNT_1YR,9.4,9.6,8.3,9.8,1,Tentative,OFFER,1,0%,-1%,0%,1%,1%,1%,-1%,1%,DROP
STOR_OPS_20C0U_LEAD_COMP_SUM_C,9.7,9.6,8.8,10.9,1,Tentative,PIPE COMP,4,-6%,-5%,13%,2%,2%,-2%,-6%,13%,KEEP
"COMP_REV_SEG_[0,5M)",9.5,9.5,8.3,10.8,1,Tentative,COMP_REV_SEG,1,1%,0%,0%,0%,-1%,-1%,0%,1%,DROP
Z_OPS_PERF_20C06_WON_DTL_REVN_COMP_SUM_C_FLG,9.7,9.5,7.4,12.3,1,Confirmed,FLG,FLG,0%,-1%,2%,1%,0%,-1%,-2%,2%,DROP
FIN_SUPPLY_CHAIN_TRNS_20J06_COMP_YIELD_C,9.5,9.5,6.7,11.4,1,Tentative,PIPE COMP,2,-3%,-2%,-5%,11%,1%,-1%,-4%,11%,DROP
IBM_GBL_IMT_DSCR_JP_IND_KOR,9.5,9.4,7.9,11.1,1,Tentative,GEO,CAT,0%,-4%,2%,4%,3%,-2%,-6%,6%,DROP
DEV_SVC_20D0F_COMP_YIELD_C,9.4,9.4,8.6,10.3,1,Tentative,PIPE COMP,2,3%,-1%,-4%,3%,1%,-1%,-3%,4%,DROP
OI_MARKETING_INDIV_YIELD_I,9.4,9.4,7.8,11.1,1,Tentative,PIPE INDIV,4,3%,1%,0%,-3%,-1%,-1%,1%,3%,DROP
BJ_UT15_BUY_15STT_COMP_CNT_1YR,9.5,9.4,8.6,10.5,1,Tentative,BJ,0,-3%,-3%,5%,2%,2%,-1%,-3%,5%,KEEP
CLOUD_SEC_COMPLIANCE_20G3U_COMP_YIELD_C,9.6,9.4,8.8,10.5,1,Tentative,PIPE COMP,2,-1%,-1%,-3%,4%,1%,0%,0%,4%,DROP
COMP_INST_FLG_WORDPRESS,9.3,9.4,7.8,10.5,1,Tentative,COMP INST,0,0%,1%,-3%,1%,1%,1%,1%,3%,DROP
DEV_SVC_20D0F_WON_DTL_REVN_COMP_SUM_C,9.3,9.3,8.8,10.0,1,Tentative,PIPE COMP,2,2%,-1%,-3%,4%,1%,-1%,-2%,4%,DROP
DATABASE_20A0M_WON_DTL_REVN_COMP_SUM_C,9.3,9.3,7.9,10.4,1,Tentative,PIPE COMP,2,2%,-3%,-1%,2%,1%,-1%,-3%,3%,DROP
COGNOS_20A0O_WON_DTL_REVN_COMP_SUM_C,9.3,9.3,8.7,9.8,1,Tentative,PIPE COMP,2,3%,0%,-3%,2%,1%,-1%,-3%,3%,DROP
BJ_UT20_LRN_20A0W_COMP_CNT_1YR,9.3,9.3,8.0,10.4,1,Tentative,BJ,0,0%,-1%,-1%,1%,1%,2%,-1%,2%,DROP
OI_BRAND_SALES_INDIV_YIELD_I,9.1,9.2,6.8,11.7,1,Tentative,PIPE INDIV,4,-1%,-2%,0%,4%,0%,0%,-2%,4%,DROP
UT20_OFFER_20B2P_COMP_CNT_1YR,9.3,9.2,8.5,10.3,1,Tentative,OFFER,1,0%,-1%,0%,1%,1%,2%,-1%,2%,DROP
UT15_OFFER_15WCG_COMP_CNT_1YR,9.3,9.2,8.8,10.2,1,Tentative,OFFER,1,0%,-1%,-2%,1%,4%,1%,-1%,4%,KEEP
COGNOS_20A0O_COMP_YIELD_C,9.2,9.2,8.5,9.6,1,Tentative,PIPE COMP,2,5%,-2%,-5%,2%,3%,0%,-4%,5%,DROP
DGTL_BUS_AUTO_20A0Y_COMP_YIELD_C,9.2,9.1,8.6,9.7,1,Tentative,PIPE COMP,2,4%,-4%,-4%,4%,2%,-2%,-5%,5%,DROP
BJ_UT10_LRN_MISC_COMP_CNT_1YR,9.1,9.1,8.0,10.2,1,Tentative,BJ,0,0%,0%,-2%,2%,2%,2%,-2%,2%,DROP
COG_PROC_SVC_BPO_20J07_COMP_YIELD_C,9.2,9.1,8.4,10.7,1,Tentative,PIPE COMP,2,-3%,-2%,-5%,11%,2%,-1%,-3%,11%,DROP
UT15_OFFER_15DSI_COMP_CNT_1YR,9.0,9.1,8.0,10.0,1,Tentative,OFFER,1,-1%,-2%,-1%,2%,1%,1%,0%,2%,DROP
CLOUD_SEC_RES_20G7C_COMP_YIELD_C,8.8,9.0,6.6,10.3,1,Tentative,PIPE COMP,2,0%,-2%,-4%,6%,1%,-1%,0%,6%,DROP
COMP_INST_FLG_OPENSRC,9.1,9.0,8.1,10.4,1,Tentative,COMP INST,0,0%,1%,-3%,1%,1%,1%,0%,3%,DROP
DATABASE_20A0M_COMP_YIELD_C,8.8,9.0,7.5,9.7,1,Tentative,PIPE COMP,2,3%,-4%,-1%,4%,3%,-1%,-5%,5%,DROP
UT20_OFFER_20B14_COMP_CNT_1YR,9.0,9.0,8.6,9.3,1,Tentative,OFFER,1,-1%,-2%,0%,1%,1%,1%,0%,2%,DROP
BJ_UT10_LRN_GBS_COMP_CNT_1YR,9.0,8.9,7.7,10.5,1,Tentative,BJ,0,1%,-1%,-2%,3%,1%,1%,-2%,3%,DROP
INTR_15MHW_COMP_CNT,9.0,8.8,7.7,11.2,1,Tentative,INTR,0,0%,-2%,2%,1%,2%,-1%,-3%,3%,DROP
"EMP_CNT_SEG_[0,100)",8.6,8.6,7.7,9.8,1,Tentative,EMP_CNT_SEG,1,0%,0%,0%,2%,-1%,0%,-2%,2%,DROP
BJ_UT20_LRN_20A0M_COMP_CNT_1YR,8.9,8.6,7.9,11.7,1,Tentative,BJ,0,0%,-1%,-1%,2%,2%,1%,-2%,2%,DROP
BUS_AREA_NAME_BIN_C,8.7,8.6,7.1,11.4,1,Tentative,BUS_AREA_NAME,CAT,0%,0%,0%,3%,1%,-1%,-4%,4%,KEEP
ENTR_APP_MGMT_ON_PRM_20J3H_COMP_YIELD_C,8.7,8.6,7.1,10.2,1,Tentative,PIPE COMP,2,-4%,-2%,-6%,13%,3%,-1%,-4%,13%,DROP
CHANNEL_NAME_OTHER,8.5,8.6,6.6,9.4,1,Tentative,CHANNEL NAME / TYPE,CAT,-2%,7%,-1%,-1%,-1%,0%,0%,7%,DROP
GTS_10G00_INDIV_YIELD_I,8.3,8.5,5.4,11.1,1,Tentative,PIPE INDIV,4,-3%,-3%,1%,6%,0%,-1%,-2%,6%,DROP
ENTR_APP_20J03_COMP_YIELD_C,8.3,8.4,6.6,9.3,1,Tentative,PIPE COMP,2,-4%,-2%,-7%,14%,3%,-1%,-4%,14%,DROP
BJ_UT10_TRY_SYSWT_COMP_CNT_1YR,8.5,8.4,7.2,9.8,1,Tentative,BJ,0,-1%,-3%,3%,2%,0%,0%,-2%,3%,DROP
UT20_OFFER_20COP_COMP_CNT_1YR,8.3,8.4,7.9,8.7,1,Tentative,OFFER,1,-2%,-3%,4%,2%,2%,-1%,-3%,4%,DROP
SSRC_20B1G_COMP_YIELD_C,8.6,8.4,7.7,9.5,1,Tentative,PIPE COMP,3,-2%,-1%,-3%,4%,1%,0%,1%,4%,DROP
CHN_T_OTH_COMP_CNT_1YR,8.8,8.4,7.8,10.5,1,Tentative,CHANNEL,0,1%,1%,-2%,0%,1%,1%,-1%,2%,DROP
POWERAI_20C0R_COMP_YIELD_C,8.3,8.3,7.3,9.7,1,Tentative,PIPE COMP,3,-1%,-2%,4%,1%,1%,0%,-3%,4%,DROP
UT15_OFFER_15CLS_COMP_CNT_1YR,8.5,8.3,7.3,9.5,1,Tentative,OFFER,1,-1%,-1%,-1%,2%,4%,1%,0%,4%,KEEP
WAT_PAYER_20B1S_WON_DTL_REVN_COMP_SUM_C_FLG,8.6,8.2,7.2,10.9,1,Confirmed,FLG,FLG,-1%,1%,-1%,0%,0%,12%,-2%,12%,DROP
SEC_RES_MANAGE_SVC_20G90_COMP_YIELD_C,8.1,8.2,6.4,9.1,1,Tentative,PIPE COMP,3,-1%,-2%,-4%,5%,0%,-1%,0%,5%,DROP
Z_TRANS_SYS_20C04_COMP_YIELD_C,8.4,8.2,7.2,10.5,1,Tentative,PIPE COMP,4,0%,-1%,1%,1%,1%,0%,-1%,1%,DROP
BJ_UT15_LRN_15STS_COMP_CNT_1YR,8.3,8.1,7.0,9.9,1,Tentative,BJ,0,-1%,-2%,-1%,2%,2%,1%,-1%,2%,DROP
DATABASE_20A0M_WON_LEAD_COMP_SUM_C,8.3,8.1,7.3,9.6,1,Tentative,PIPE COMP,2,3%,-3%,-2%,3%,2%,-1%,-4%,4%,DROP
CLIENT_CARE_20AJ5_WON_DTL_REVN_COMP_SUM_C,8.0,8.0,7.6,8.2,1,Tentative,PIPE COMP,2,2%,-1%,-2%,3%,0%,-1%,-3%,3%,DROP
DATA_AI_PLTF_20A11_WON_DTL_REVN_COMP_SUM_C,8.3,8.0,6.3,11.9,1,Tentative,PIPE COMP,2,2%,-1%,-1%,2%,0%,-1%,-2%,2%,DROP
IND_SCORE_NEW_N2,8.0,7.9,6.5,9.1,1,Tentative,OTHER,CAT,1%,0%,0%,0%,-1%,0%,-1%,1%,DROP
DATAOPS_20A0N_COMP_YIELD_C,8.0,7.9,7.2,9.1,1,Tentative,PIPE COMP,2,3%,-3%,-2%,3%,2%,-1%,-4%,4%,DROP
UT_LVL_10_CD_INTENT_NEW_10G00_10J00,7.8,7.7,6.7,8.8,1,Tentative,LAST TOUCH UT,CAT,-1%,0%,-1%,2%,0%,0%,0%,2%,KEEP
OI_CLIENT_REP_INDIV_YIELD_I,7.7,7.7,6.8,9.0,1,Tentative,PIPE INDIV,4,-1%,-2%,0%,4%,0%,-1%,-2%,4%,DROP
INFR_SVC_15ISS_LEAD_INDIV_SUM_I_FLG,7.4,7.6,6.0,9.0,1,Confirmed,FLG,FLG,0%,-1%,-2%,2%,0%,-1%,0%,2%,DROP
IND_SCORE_NEW_EW,7.5,7.5,5.7,9.0,1,Tentative,OTHER,CAT,0%,1%,-2%,0%,1%,2%,0%,2%,DROP
COMP_TECH_20C02_COMP_YIELD_C,7.2,7.5,5.6,8.8,1,Tentative,PIPE COMP,2,-1%,-2%,1%,2%,2%,-1%,-3%,3%,DROP
TRAD_DIST_STOR_20C0M_COMP_YIELD_C,7.2,7.4,5.9,8.4,1,Tentative,PIPE COMP,4,-2%,-3%,5%,2%,2%,-1%,-3%,5%,DROP
BJ_UT20_LRN_20B2O_COMP_CNT_1YR,7.6,7.4,7.0,8.5,1,Tentative,BJ,0,-1%,1%,-2%,2%,1%,0%,-1%,2%,DROP
CLIENT_CARE_20AJ5_COMP_YIELD_C,7.5,7.4,7.0,8.2,1,Tentative,PIPE COMP,2,3%,-2%,-3%,3%,2%,-1%,-3%,3%,DROP
HYB_CLD_SEC_20J2O_COMP_YIELD_C,6.8,7.3,4.7,8.7,1,Tentative,PIPE COMP,2,-2%,-2%,-4%,8%,0%,-1%,-1%,8%,DROP
GARS_20H03_COMP_YIELD_C,7.2,7.2,5.0,9.2,1,Tentative,PIPE COMP,2,-2%,-2%,2%,2%,4%,0%,-2%,4%,DROP
"COMP_REV_SEG_[5M,_100M)",7.0,7.2,4.9,8.2,1,Tentative,COMP_REV_SEG,1,0%,0%,1%,-2%,-2%,0%,2%,2%,DROP
ENTR_APP_MGMT_CLD_20JEK_COMP_YIELD_C,7.3,7.0,6.2,8.5,1,Tentative,PIPE COMP,2,-3%,-2%,-4%,9%,1%,-1%,-2%,9%,DROP
CIS_20B1F_COMP_YIELD_C,6.8,6.8,5.8,7.7,1,Tentative,PIPE COMP,1,-2%,-2%,-3%,4%,3%,-1%,1%,4%,DROP
IAM_20B1L_COMP_YIELD_C,6.9,6.8,5.3,8.5,1,Tentative,PIPE COMP,2,-1%,-2%,-1%,2%,0%,0%,1%,2%,DROP
XFORCE_20B1K_COMP_YIELD_C,6.9,6.8,5.4,8.3,1,Tentative,PIPE COMP,4,-1%,-1%,-2%,2%,1%,1%,2%,2%,DROP
Z_OPS_PERF_20C06_COMP_YIELD_C,7.0,6.8,6.0,8.2,1,Tentative,PIPE COMP,4,0%,-1%,2%,1%,0%,-1%,-2%,2%,DROP
DATA_AI_PLTF_20A11_COMP_YIELD_C,7.0,6.8,6.1,8.6,1,Tentative,PIPE COMP,2,2%,-2%,-2%,2%,1%,-1%,-3%,3%,DROP
BJ_UT10_LRN_WH_COMP_CNT_1YR,6.6,6.8,4.7,7.5,1,Tentative,BJ,0,-1%,-2%,-1%,1%,2%,6%,-1%,6%,KEEP
MULTICLOUD_MGMT_20GKU_COMP_YIELD_C,6.4,6.6,5.1,7.1,1,Tentative,PIPE COMP,3,-1%,-1%,-2%,4%,0%,-1%,-1%,4%,DROP
UT_LVL_20_CD_INTENT_NEW_SEC_THREAT,6.6,6.6,4.7,8.9,1,Tentative,LAST TOUCH UT,CAT,-2%,0%,-1%,0%,-1%,0%,4%,4%,DROP
OI_DIGITAL_COVERAGE_SALES_LEAD_INDIV_SUM_I_FLG,6.7,6.5,5.9,7.9,1,Confirmed,FLG,FLG,1%,-1%,1%,-1%,-1%,-1%,-1%,1%,DROP
BJ_UT15_BUY_15PHW_COMP_CNT_1YR,6.3,6.3,4.7,7.8,1,Tentative,BJ,0,-3%,-3%,5%,2%,1%,-1%,-3%,5%,DROP
INTR_GBS_COMP_CNT,6.2,6.3,3.8,7.6,1,Tentative,INTR,0,1%,-2%,-1%,3%,1%,0%,-2%,3%,DROP
INTR_10CGAP_INDIV_CNT,6.1,6.0,4.9,8.3,1,Tentative,INTR,0,1%,1%,-2%,-1%,1%,0%,1%,2%,DROP
PARENT_ASSET_BUYERS_JOURNEY_DISCOVER,5.6,5.8,4.3,6.8,1,Tentative,PARENT_ASSET_BUYERS_JOURNEY,CAT,0%,0%,-1%,1%,0%,1%,1%,1%,DROP
ALL_OTHER_UT20_15SCT_COMP_YIELD_C,5.7,5.8,4.4,6.9,1,Tentative,PIPE COMP,1,0%,-1%,-1%,1%,1%,0%,0%,1%,DROP
BJ_UT20_LRN_20C0H_COMP_CNT_1YR,5.7,5.8,4.4,6.8,1,Tentative,BJ,0,-2%,-3%,3%,1%,3%,0%,-2%,3%,DROP
ENTR_APP_SAP_20JII_COMP_YIELD_C,5.4,5.7,4.1,6.5,1,Tentative,PIPE COMP,2,-3%,-2%,-4%,10%,1%,-1%,-3%,10%,DROP
"EMP_CNT_SEG_[50K,INF)",5.4,5.6,4.3,6.6,1,Tentative,EMP_CNT_SEG,1,1%,0%,-1%,1%,-1%,0%,0%,1%,DROP
UT_LVL_20_CD_INTENT_NEW_ASSET_MGMT,5.6,5.5,4.0,7.1,1,Tentative,LAST TOUCH UT,CAT,-1%,7%,-2%,0%,0%,0%,-1%,7%,KEEP
OI_DIGITAL_BRAND_SALES_INDIV_YIELD_I,5.5,5.3,3.6,7.6,0.9,Tentative,PIPE INDIV,4,-1%,-1%,-2%,0%,-1%,-1%,6%,6%,DROP
IBM_GBL_IMT_DSCR_IT_NORD_FR,4.7,4.9,2.4,5.7,0.9,Tentative,GEO,CAT,-2%,-1%,1%,4%,0%,-2%,-3%,4%,DROP
UT_LVL_20_CD_INTENT_NEW_CLOUD_PLTF,5.1,4.8,4.1,6.5,0.9,Tentative,LAST TOUCH UT,CAT,0%,0%,0%,0%,0%,1%,-1%,1%,DROP
UT_LVL_10_CD_INTENT_NEW_10M00,4.7,4.6,3.5,6.3,0.8,Tentative,LAST TOUCH UT,CAT,-1%,1%,0%,0%,0%,1%,0%,1%,DROP
COLLAB_15CLS_COMP_YIELD_C,4.5,4.4,3.6,6.1,1,Tentative,PIPE COMP,2,0%,1%,-1%,2%,0%,0%,-1%,2%,DROP
OO_BP_INDIV_YIELD_I,3.7,4.2,1.4,4.9,0.7,Tentative,PIPE INDIV,4,0%,0%,2%,-2%,0%,-1%,-1%,2%,DROP
IBM_GBL_IMT_DSCR_DACH_EEUR_BENELUX,3.9,4.0,2.7,4.7,0.5,Tentative,GEO,CAT,-1%,-3%,3%,3%,1%,-2%,-5%,5%,DROP
INTR_15STS_COMP_CNT,4.2,3.9,2.7,6.2,0.9,Tentative,INTR,0,2%,1%,-2%,-1%,2%,2%,0%,2%,DROP
COMP_INST_FLG_HP,3.8,3.6,2.2,4.8,0.8,Tentative,COMP INST,0,-1%,1%,-3%,1%,1%,1%,1%,3%,DROP
UT_LVL_30_CD_INTENT_NEW_MAXIMO,3.5,3.4,2.0,5.1,0.4,Tentative,LAST TOUCH UT,CAT,-1%,7%,-1%,-1%,0%,0%,0%,7%,KEEP
COG_INFRST_PRV_CLD_20CCM_COMP_YIELD_C,2.9,3.0,1.4,4.7,0.6,Tentative,PIPE COMP,2,-1%,-2%,4%,0%,1%,0%,-2%,4%,DROP
ADV_FRAUD_PRTCT_20B13_COMP_YIELD_C,2.6,2.5,1.3,4.1,0.3,Tentative,PIPE COMP,1,-1%,-2%,-1%,1%,0%,-1%,3%,3%,DROP
OI_BRAND_SALES_LEAD_INDIV_SUM_I,2.5,2.4,1.7,3.5,0.1,Tentative,PIPE INDIV,4,-1%,-2%,-1%,4%,-1%,-1%,-1%,4%,DROP
UT_LVL_30_CD_INTENT_NEW_CLOUD_PAK_AUTOMATION,1.7,2.1,-1.2,3.5,0.1,Tentative,LAST TOUCH UT,CAT,1%,0%,0%,0%,-1%,0%,0%,1%,DROP
UT_LVL_30_CD_INTENT_NEW_CLOUD_PAK_SEC,1.8,1.9,1.0,3.0,0,Tentative,LAST TOUCH UT,CAT,-1%,0%,0%,0%,-1%,0%,1%,1%,DROP
ALL_OTHER_UT20_15PHW_COMP_YIELD_C,1.5,1.6,0.3,2.3,0,Tentative,PIPE COMP,1,-1%,-2%,3%,1%,0%,-1%,-2%,3%,DROP
UT_LVL_20_CD_INTENT_NEW_DATA_AI_PLTF,0.6,0.5,-0.9,2.8,0,Tentative,LAST TOUCH UT,CAT,2%,0%,-1%,-1%,0%,0%,0%,2%,DROP
UT_LVL_20_CD_INTENT_NEW_MOBILE_SEC,0.2,0.2,-3.6,2.5,0,Tentative,LAST TOUCH UT,CAT,-1%,-1%,-1%,-1%,0%,0%,4%,4%,KEEP
UT_LVL_10_CD_INTENT_NEW_10T00,-1.4,-1.2,-2.4,-0.5,0,Tentative,LAST TOUCH UT,CAT,0%,0%,0%,0%,0%,0%,0%,0%,DROP
UT_LVL_10_CD_INTENT_NEW_10H00,-1.3,-1.2,-2.4,-0.3,0,Tentative,LAST TOUCH UT,CAT,0%,0%,0%,0%,0%,0%,0%,0%,DROP
CHANNEL_NAME_NULL,-1.7,-1.6,-2.6,-1.2,0,Tentative,CHANNEL NAME / TYPE,CAT,0%,0%,0%,0%,0%,0%,0%,0%,DROP
UT_LVL_10_CD_INTENT_NEW_10L00,-1.5,-1.8,-3.2,1.1,0,Tentative,LAST TOUCH UT,CAT,-1%,-1%,-1%,1%,0%,8%,-1%,8%,KEEP
CHANNEL_TYPE_EPEOS,-2.2,-2.0,-3.9,-0.9,0,Tentative,CHANNEL NAME / TYPE,CAT,0%,0%,0%,0%,0%,0%,0%,0%,DROP